model,split,decision_rule,threshold,accuracy,balanced_accuracy,macro_f1,weighted_f1,high_risk_recall,high_risk_precision,high_risk_f1,high_risk_f2,false_alarm_rate,alert_rate,high_risk_alert_rate,high_risk_tp,high_risk_fp,high_risk_fn,high_risk_tn,macro_roc_auc_ovr,macro_pr_auc,high_risk_pr_auc,log_loss,any_risk_alert_rate
balanced_medium,valid,high_risk_threshold,0.001,0.27825,0.4836522012184952,0.258825978060005,0.3850878852863711,1.0,0.0401048492791612,0.0771169354838709,0.1728032527671109,0.7069043176114793,0.7153125,0.7153125,459,10986,0,4555,0.860306258127567,0.6777671776087776,0.5373356545658131,0.5768629197278955,0.7829375
balanced_medium,valid,high_risk_threshold,0.001055,0.281875,0.4866904151069368,0.2627369108561347,0.3893982798005757,1.0,0.0404120443740095,0.0776846915460776,0.1739427012278308,0.7013062222508204,0.709875,0.709875,459,10899,0,4642,0.860306258127567,0.6777671776087776,0.5373356545658131,0.5768629197278955,0.7808125
balanced_medium,valid,high_risk_threshold,0.001162,0.288375,0.4918301979959612,0.2690975586875462,0.3968236189900292,1.0,0.0409894624040007,0.0787509650853564,0.1760779499769832,0.6910108744611029,0.699875,0.699875,459,10739,0,4802,0.860306258127567,0.6777671776087776,0.5373356545658131,0.5768629197278955,0.7764375
balanced_medium,valid,high_risk_threshold,0.001278,0.2955,0.4974798086425269,0.2761240546075212,0.4050727500954642,1.0,0.0415798532475767,0.0798399721690728,0.178252427184466,0.6807798725950711,0.6899375,0.6899375,459,10580,0,4961,0.860306258127567,0.6777671776087776,0.5373356545658131,0.5768629197278955,0.7720625
balanced_medium,valid,high_risk_threshold,0.001435,0.3011875,0.5012815818100109,0.2811936631504159,0.4110854452793296,0.9978213507625272,0.0421033278176135,0.0807973890800035,0.1801164071102721,0.6704845248053536,0.679875,0.679875,458,10420,1,5121,0.860306258127567,0.6777671776087776,0.5373356545658131,0.5768629197278955,0.7679375
balanced_medium,valid,high_risk_threshold,0.001634,0.3076875,0.5062995453569817,0.2870258607349091,0.4181277128751305,0.9978213507625272,0.0427198955321332,0.0819320214669051,0.1823684000955642,0.6603822147866932,0.6700625,0.6700625,458,10263,1,5278,0.860306258127567,0.6777671776087776,0.5373356545658131,0.5768629197278955,0.7635625
balanced_medium,valid,high_risk_threshold,0.001939,0.314,0.5114691089318241,0.2929237128059496,0.4247297097518119,0.9978213507625272,0.0433712121212121,0.0831291405753698,0.1847370119393352,0.6500225210732901,0.66,0.66,458,10102,1,5439,0.860306258127567,0.6777671776087776,0.5373356545658131,0.5768629197278955,0.75925
balanced_medium,valid,high_risk_threshold,0.002218,0.3205625,0.5168019971623318,0.2989253394339711,0.431633868833397,0.9978213507625272,0.0440384615384615,0.084353992080302,0.187152664269369,0.6397271732835725,0.65,0.65,458,9942,1,5599,0.860306258127567,0.6777671776087776,0.5373356545658131,0.5768629197278955,0.7553125
balanced_medium,valid,high_risk_threshold,0.002585,0.326625,0.5213615651606457,0.3037451261941894,0.4376055075249988,0.9978213507625272,0.0447265625,0.0856154780820637,0.1896323285856244,0.629431825493855,0.64,0.64,458,9782,1,5759,0.860306258127567,0.6777671776087776,0.5373356545658131,0.5768629197278955,0.75075
balanced_medium,valid,high_risk_threshold,0.002982,0.3326875,0.5260835589483644,0.3087059233328544,0.4435307856348948,0.9978213507625272,0.045432000793572,0.0869070208728652,0.1921624569942099,0.6192008236278231,0.6300625,0.6300625,458,9623,1,5918,0.860306258127567,0.6777671776087776,0.5373356545658131,0.5768629197278955,0.7465
balanced_medium,valid,high_risk_threshold,0.00339,0.3395625,0.5314074191498602,0.3144508595902684,0.4504449019175089,0.9978213507625272,0.0461693548387096,0.0882551305520763,0.1947941476692752,0.60884112991442,0.62,0.62,458,9462,1,6079,0.860306258127567,0.6777671776087776,0.5373356545658131,0.5768629197278955,0.741875
balanced_medium,valid,high_risk_threshold,0.00375,0.3465,0.5369649911401901,0.3204133044276356,0.4573666591397828,0.9978213507625272,0.0469262295081967,0.0896369507779626,0.1974818903070024,0.5985457821247024,0.61,0.61,458,9302,1,6239,0.860306258127567,0.6777671776087776,0.5373356545658131,0.5768629197278955,0.7375
balanced_medium,valid,high_risk_threshold,0.003983,0.3535625,0.5424621028926238,0.3262144416241923,0.4643452009351907,0.9978213507625272,0.0477083333333333,0.0910627298936276,0.2002448408534452,0.5882504343349849,0.6,0.6,458,9142,1,6399,0.860306258127567,0.6777671776087776,0.5373356545658131,0.5768629197278955,0.733
balanced_medium,valid,high_risk_threshold,0.004205,0.3606875,0.5480305006444871,0.3320100327183198,0.4713121637693215,0.9978213507625272,0.0485169491525423,0.0925345994544903,0.2030862007804185,0.5779550865452674,0.59,0.59,458,8982,1,6559,0.860306258127567,0.6777671776087776,0.5373356545658131,0.5768629197278955,0.728625
balanced_medium,valid,high_risk_threshold,0.004422,0.3665,0.5529140213553498,0.3366758547123453,0.4763905495846682,0.9978213507625272,0.049353448275862,0.0940548310914878,0.2060093558834113,0.5676597387555499,0.58,0.58,458,8822,1,6719,0.860306258127567,0.6777671776087776,0.5373356545658131,0.5768629197278955,0.7249375
balanced_medium,valid,high_risk_threshold,0.004625,0.3718125,0.5571866476234238,0.3404347994270018,0.4807246797465896,0.9978213507625272,0.0502248053514639,0.0956358321152641,0.209036969420356,0.5573000450421466,0.5699375,0.5699375,458,8661,1,6880,0.860306258127567,0.6777671776087776,0.5373356545658131,0.5768629197278955,0.721375
balanced_medium,valid,high_risk_threshold,0.004872,0.378,0.561924166812506,0.3455794633421746,0.486281436281236,0.9956427015250544,0.0510044642857142,0.0970379021127508,0.2116524638755094,0.5471333890998006,0.56,0.56,457,8503,2,7038,0.860306258127567,0.6777671776087776,0.5373356545658131,0.5768629197278955,0.718375
balanced_medium,valid,high_risk_threshold,0.005144,0.384,0.5666560874954975,0.3498887011106744,0.4913851492644556,0.9956427015250544,0.0519318181818181,0.0987147640133923,0.2148364046634073,0.5368380413100831,0.55,0.55,457,8343,2,7198,0.860306258127567,0.6777671776087776,0.5373356545658131,0.5768629197278955,0.7145
balanced_medium,valid,high_risk_threshold,0.005396,0.39025,0.571267087702696,0.3541036543092472,0.4967384798248011,0.9956427015250544,0.0528935185185185,0.1004505989669194,0.2181176021382207,0.5265426935203655,0.54,0.54,457,8183,2,7358,0.860306258127567,0.6777671776087776,0.5373356545658131,0.5768629197278955,0.71
balanced_medium,valid,high_risk_threshold,0.005725,0.3965625,0.57615240614608,0.3586070882462397,0.5020467041052366,0.9956427015250544,0.0538915094339622,0.1022485736659581,0.2215005816207832,0.516247345730648,0.53,0.53,457,8023,2,7518,0.860306258127567,0.6777671776087776,0.5373356545658131,0.5768629197278955,0.7054375
balanced_medium,valid,high_risk_threshold,0.006143,0.4031875,0.5812317287972081,0.3633442999232055,0.5077125197797778,0.9956427015250544,0.0549212834995793,0.1041002277904328,0.2249680023629024,0.5060163438646161,0.5200625,0.5200625,457,7864,2,7677,0.860306258127567,0.6777671776087776,0.5373356545658131,0.5768629197278955,0.7008125
balanced_medium,valid,high_risk_threshold,0.006582,0.41,0.5866873352360299,0.3684175631469433,0.5134884383147671,0.9956427015250544,0.0560049019607843,0.1060447847778164,0.2285914365746298,0.4956566501512129,0.51,0.51,457,7703,2,7838,0.860306258127567,0.6777671776087776,0.5373356545658131,0.5768629197278955,0.6964375
balanced_medium,valid,high_risk_threshold,0.007016,0.4168125,0.5920617287801493,0.3733549247071497,0.5192246754289336,0.9956427015250544,0.057125,0.108050596997281,0.2323098820658804,0.4853613023614954,0.5,0.5,457,7543,2,7998,0.860306258127567,0.6777671776087776,0.5373356545658131,0.5768629197278955,0.692125
balanced_medium,valid,high_risk_threshold,0.007488,0.4230625,0.596956974118806,0.377670986656973,0.5241418431475587,0.9956427015250544,0.0582908163265306,0.1101337510543438,0.2361513021909879,0.4750659545717778,0.49,0.49,457,7383,2,8158,0.860306258127567,0.6777671776087776,0.5373356545658131,0.5768629197278955,0.687625
balanced_medium,valid,high_risk_threshold,0.007953,0.4305,0.6029224083151691,0.3832337736790858,0.5304973205449439,0.9956427015250544,0.0595052083333333,0.1122988082073964,0.2401218999579655,0.4647706067820603,0.48,0.48,457,7223,2,8318,0.860306258127567,0.6777671776087776,0.5373356545658131,0.5768629197278955,0.6833125
balanced_medium,valid,high_risk_threshold,0.008314,0.4366875,0.6083148579173124,0.3878613944386359,0.5351140045692192,0.9956427015250544,0.0607793589573081,0.1145650538982201,0.2442544094067343,0.4544109130686571,0.4699375,0.4699375,457,7062,2,8479,0.860306258127567,0.6777671776087776,0.5373356545658131,0.5768629197278955,0.679625
balanced_medium,valid,high_risk_threshold,0.008699,0.44275,0.6134835226258941,0.3921739234148811,0.5396566263378048,0.9956427015250544,0.0620839559842412,0.1168797953964194,0.2484505817114276,0.444244257126311,0.4600625,0.4600625,457,6904,2,8637,0.860306258127567,0.6777671776087776,0.5373356545658131,0.5768629197278955,0.6765
balanced_medium,valid,high_risk_threshold,0.009203,0.448625,0.6174991537916671,0.3959462902680009,0.5439573972483592,0.9934640522875816,0.0633333333333333,0.1190755973364669,0.2523240371845949,0.4339489093365935,0.45,0.45,456,6744,3,8797,0.860306258127567,0.6777671776087776,0.5373356545658131,0.5768629197278955,0.6728125
balanced_medium,valid,high_risk_threshold,0.009681,0.4543125,0.6206512238015324,0.3990279400110583,0.5480304312926276,0.9912854030501088,0.0646306818181818,0.1213495132684358,0.2563091482649842,0.4237179074705617,0.44,0.44,455,6585,4,8956,0.860306258127567,0.6777671776087776,0.5373356545658131,0.5768629197278955,0.6675625
balanced_medium,valid,high_risk_threshold,0.01,0.4590625,0.6243634889694413,0.4021721401619124,0.5515124092520405,0.9912854030501088,0.0657609481138892,0.1233396584440227,0.2598515134209023,0.4159320507045879,0.4324375,0.4324375,455,6464,4,9077,0.860306258127567,0.6777671776087776,0.5373356545658131,0.5768629197278955,0.66425
balanced_medium,valid,high_risk_threshold,0.010127,0.46125,0.6259245506604042,0.4037100029673059,0.553426389541356,0.9912854030501088,0.0661337209302325,0.1239950946995503,0.2610142267094997,0.4134225596808442,0.43,0.43,455,6425,4,9116,0.860306258127567,0.6777671776087776,0.5373356545658131,0.5768629197278955,0.6626875
balanced_medium,valid,high_risk_threshold,0.010731,0.467875,0.6305572023906693,0.4077724068476251,0.5584456853972999,0.9912854030501088,0.0677083333333333,0.1267586014765287,0.2658952781673679,0.4031272118911267,0.42,0.42,455,6265,4,9276,0.860306258127567,0.6777671776087776,0.5373356545658131,0.5768629197278955,0.6573125
balanced_medium,valid,high_risk_threshold,0.01138,0.474125,0.6352088090452189,0.4117374686863851,0.5628919198006888,0.9912854030501088,0.0693597560975609,0.1296480980196609,0.2709623630300142,0.3928318641014092,0.41,0.41,455,6105,4,9436,0.860306258127567,0.6777671776087776,0.5373356545658131,0.5768629197278955,0.6523125
balanced_medium,valid,high_risk_threshold,0.01195,0.480375,0.6397385963577151,0.4155808228791564,0.5673485556064711,0.9912854030501088,0.07109375,0.1326724012246683,0.2762263234579893,0.3825365163116916,0.4,0.4,455,5945,4,9596,0.860306258127567,0.6777671776087776,0.5373356545658131,0.5768629197278955,0.6474375
balanced_medium,valid,high_risk_threshold,0.012489,0.4861875,0.643688168779501,0.4188866078633073,0.5712412474224026,0.9912854030501088,0.0729166666666666,0.1358411703239289,0.2816988608221892,0.3722411685219741,0.39,0.39,455,5785,4,9756,0.860306258127567,0.6777671776087776,0.5373356545658131,0.5768629197278955,0.642
balanced_medium,valid,high_risk_threshold,0.013097,0.49225,0.6479634916463568,0.4225494354159331,0.5753551225171318,0.9912854030501088,0.0748355263157894,0.1391650099403578,0.2873926225366346,0.3619458207322566,0.38,0.38,455,5625,4,9916,0.860306258127567,0.6777671776087776,0.5373356545658131,0.5768629197278955,0.636625
balanced_medium,valid,high_risk_threshold,0.013803,0.49975,0.6533099022371797,0.4275024263102949,0.5811112487912518,0.9912854030501088,0.0768581081081081,0.1426555886502586,0.2933212996389892,0.3516504729425391,0.37,0.37,455,5465,4,10076,0.860306258127567,0.6777671776087776,0.5373356545658131,0.5768629197278955,0.6309375
balanced_medium,valid,high_risk_threshold,0.014607,0.50625,0.6580436206526924,0.4316814257828321,0.5856217876637653,0.9912854030501088,0.0789930555555555,0.1463257758482071,0.2994997367035282,0.3413551251528215,0.36,0.36,455,5305,4,10236,0.860306258127567,0.6777671776087776,0.5373356545658131,0.5768629197278955,0.6256875
balanced_medium,valid,high_risk_threshold,0.015265,0.5131875,0.6631139152748083,0.4362546866611569,0.5905850770105581,0.9912854030501088,0.0812645115199142,0.1502145922746781,0.3059852051109616,0.3309954314394183,0.3499375,0.3499375,455,5144,4,10397,0.860306258127567,0.6777671776087776,0.5373356545658131,0.5768629197278955,0.6204375
balanced_medium,valid,high_risk_threshold,0.016093,0.5200625,0.6678692852133875,0.4406427605517404,0.5954942562517714,0.9912854030501088,0.0836397058823529,0.1542634344804204,0.312671797691039,0.3207644295733865,0.34,0.34,455,4985,4,10556,0.860306258127567,0.6777671776087776,0.5373356545658131,0.5768629197278955,0.61475
balanced_medium,valid,high_risk_threshold,0.016904,0.5268125,0.6726039024951609,0.4450013773477251,0.6001824281688214,0.9912854030501088,0.0861742424242424,0.1585642097926468,0.3197020798201237,0.310469081783669,0.33,0.33,455,4825,4,10716,0.860306258127567,0.6777671776087776,0.5373356545658131,0.5768629197278955,0.6091875
balanced_medium,valid,high_risk_threshold,0.017746,0.53325,0.6764083722614268,0.4491057532500417,0.6045005359485454,0.989106753812636,0.0886545596563171,0.1627240143369175,0.3262900675578553,0.3003024258413229,0.3200625,0.3200625,454,4667,5,10874,0.860306258127567,0.6777671776087776,0.5373356545658131,0.5768629197278955,0.6033125
balanced_medium,valid,high_risk_threshold,0.018539,0.5403125,0.6809715357247833,0.4535673681118866,0.6094717050802637,0.989106753812636,0.0915322580645161,0.1675585901457833,0.3340200117716304,0.2899427321279197,0.31,0.31,454,4506,5,11035,0.860306258127567,0.6777671776087776,0.5373356545658131,0.5768629197278955,0.596875
balanced_medium,valid,high_risk_threshold,0.019616,0.5469375,0.6851575165341854,0.4577007382365792,0.6139248617652607,0.989106753812636,0.0945833333333333,0.1726563985548583,0.3420735382760699,0.2796473843382022,0.3,0.3,454,4346,5,11195,0.860306258127567,0.6777671776087776,0.5373356545658131,0.5768629197278955,0.5904375
balanced_medium,valid,high_risk_threshold,0.02,0.549375,0.6869631157755162,0.4593986628233993,0.6153990625668817,0.989106753812636,0.0958614864864864,0.1747834456207892,0.3454047474132684,0.2755292452223151,0.296,0.296,454,4282,5,11259,0.860306258127567,0.6777671776087776,0.5373356545658131,0.5768629197278955,0.58825
balanced_medium,valid,high_risk_threshold,0.020735,0.5528125,0.6891377685080498,0.4615374529287266,0.6174201706010528,0.989106753812636,0.0978448275862069,0.1780741321827809,0.3505250154416306,0.2693520365484846,0.29,0.29,454,4186,5,11355,0.860306258127567,0.6777671776087776,0.5373356545658131,0.5768629197278955,0.5845
balanced_medium,valid,high_risk_threshold,0.022023,0.5599375,0.6937316115234852,0.4663105872417963,0.6222976177058434,0.989106753812636,0.1013392857142857,0.1838428831747317,0.3594046865104496,0.2590566887587671,0.28,0.28,454,4026,5,11515,0.860306258127567,0.6777671776087776,0.5373356545658131,0.5768629197278955,0.5776875
balanced_medium,valid,high_risk_threshold,0.023339,0.5661875,0.6969973717126524,0.4703445165891887,0.6262633683551078,0.9869281045751634,0.1048611111111111,0.1895794099183929,0.3679337231968811,0.2488256868927353,0.27,0.27,453,3867,6,11674,0.860306258127567,0.6777671776087776,0.5373356545658131,0.5768629197278955,0.5713125
balanced_medium,valid,high_risk_threshold,0.024559,0.5734375,0.7019774254110541,0.4756063823271666,0.6311663462922387,0.9869281045751634,0.1088942307692307,0.1961463520242476,0.3777518345563709,0.2385303391030178,0.26,0.26,453,3707,6,11834,0.860306258127567,0.6777671776087776,0.5373356545658131,0.5768629197278955,0.565
balanced_medium,valid,high_risk_threshold,0.026175,0.5801875,0.7060623395352087,0.4802374215267478,0.6355649797775752,0.9869281045751634,0.11325,0.2031845705315093,0.3881082933516107,0.2282349913133003,0.25,0.25,453,3547,6,11994,0.860306258127567,0.6777671776087776,0.5373356545658131,0.5768629197278955,0.5580625
balanced_medium,valid,high_risk_threshold,0.027704,0.586875,0.7107256708175522,0.4853640675883814,0.6397863875035408,0.9869281045751634,0.11796875,0.2107466852756455,0.3990486257928118,0.2179396435235827,0.24,0.24,453,3387,6,12154,0.860306258127567,0.6777671776087776,0.5373356545658131,0.5768629197278955,0.552125
balanced_medium,valid,high_risk_threshold,0.029443,0.5930625,0.7144126496309463,0.4898604004946219,0.6435299547371863,0.9869281045751634,0.1230978260869565,0.2188934525247644,0.4106236403190718,0.2076442957338652,0.23,0.23,453,3227,6,12314,0.860306258127567,0.6777671776087776,0.5373356545658131,0.5768629197278955,0.5454375
balanced_medium,valid,high_risk_threshold,0.03,0.5949375,0.7156172813247608,0.4913072474530311,0.6446243976391282,0.9869281045751634,0.1248277762468999,0.2216242661448141,0.414455626715462,0.2043626536258928,0.2268125,0.2268125,453,3176,6,12365,0.860306258127567,0.6777671776087776,0.5373356545658131,0.5768629197278955,0.543625
balanced_medium,valid,high_risk_threshold,0.031426,0.5998125,0.7189036282286128,0.4952362102041265,0.6478294410000929,0.9869281045751634,0.1286931818181818,0.227695400854486,0.4228902165795369,0.1973489479441477,0.22,0.22,453,3067,6,12474,0.860306258127567,0.6777671776087776,0.5373356545658131,0.5768629197278955,0.539375
balanced_medium,valid,high_risk_threshold,0.033526,0.6069375,0.7235786841387503,0.5011236487040517,0.6524207157304772,0.9869281045751634,0.1348214285714285,0.237234878240377,0.4359122401847575,0.1870536001544302,0.21,0.21,453,2907,6,12634,0.860306258127567,0.6777671776087776,0.5373356545658131,0.5768629197278955,0.5325
balanced_medium,valid,high_risk_threshold,0.036002,0.6136875,0.727704204710256,0.5067602209237654,0.656674746198828,0.9869281045751634,0.1415625,0.2476086362394096,0.4497617156473391,0.1767582523647127,0.2,0.2,453,2747,6,12794,0.860306258127567,0.6777671776087776,0.5373356545658131,0.5768629197278955,0.525625
balanced_medium,valid,high_risk_threshold,0.038493,0.620625,0.7320841897274021,0.5128976515892575,0.6611121928852165,0.9869281045751634,0.1490131578947368,0.2589311231780509,0.4645200984413454,0.1664629045749951,0.19,0.19,453,2587,6,12954,0.860306258127567,0.6777671776087776,0.5373356545658131,0.5768629197278955,0.519
balanced_medium,valid,high_risk_threshold,0.04,0.6239375,0.7328064096349539,0.5157535006403896,0.6631154487280948,0.982570806100218,0.152726041313918,0.2643610785463071,0.470870745458342,0.1609935010617077,0.1845625,0.1845625,451,2502,8,13039,0.860306258127567,0.6777671776087776,0.5373356545658131,0.5768629197278955,0.5154375
balanced_medium,valid,high_risk_threshold,0.041309,0.62675,0.7346742668467022,0.5185555657572345,0.6647401894854049,0.982570806100218,0.1565972222222222,0.2701407607067984,0.4781594571670908,0.1562962486326491,0.18,0.18,451,2429,8,13112,0.860306258127567,0.6777671776087776,0.5373356545658131,0.5768629197278955,0.512625
balanced_medium,valid,high_risk_threshold,0.04475,0.6340625,0.7387864310000142,0.5256413838629317,0.6695283063290403,0.9803921568627452,0.1654411764705882,0.2831078955646429,0.4938542581211588,0.1460652467666173,0.17,0.17,450,2270,9,13271,0.860306258127567,0.6777671776087776,0.5373356545658131,0.5768629197278955,0.5058125
balanced_medium,valid,high_risk_threshold,0.048755,0.641125,0.7426540576029584,0.5328992924928989,0.6741014975164238,0.9782135076252724,0.175390625,0.2974494865849619,0.5106915377616015,0.1358342449005855,0.16,0.16,449,2111,10,13430,0.860306258127567,0.6777671776087776,0.5373356545658131,0.5768629197278955,0.49925
balanced_medium,valid,high_risk_threshold,0.05,0.642625,0.7436746119843015,0.5346256509048559,0.6750061574788564,0.9782135076252724,0.1779627427665477,0.301140174379611,0.5150263821977518,0.1334534457242133,0.1576875,0.1576875,449,2074,10,13467,0.860306258127567,0.6777671776087776,0.5373356545658131,0.5768629197278955,0.497875
balanced_medium,valid,high_risk_threshold,0.054111,0.6471875,0.7443960989677142,0.5395294832206583,0.6777068375480694,0.971677559912854,0.1858333333333333,0.3119972018188178,0.5264400377714825,0.1257319348819252,0.15,0.15,446,1954,13,13587,0.860306258127567,0.6777671776087776,0.5373356545658131,0.5768629197278955,0.492625
balanced_medium,valid,high_risk_threshold,0.059962,0.6543125,0.7484162244647905,0.5480006378444362,0.6823212661321838,0.9694989106753812,0.1986607142857142,0.3297517599110782,0.5458783120706575,0.1155009330158934,0.14,0.14,445,1795,14,13746,0.860306258127567,0.6777671776087776,0.5373356545658131,0.5768629197278955,0.4860625
balanced_medium,valid,high_risk_threshold,0.06,0.6544375,0.7485181900162988,0.5481507793343309,0.6824138527550809,0.9694989106753812,0.1988382484361036,0.3299962921764924,0.5461462935689739,0.1153722411685219,0.139875,0.139875,445,1793,14,13748,0.860306258127567,0.6777671776087776,0.5373356545658131,0.5768629197278955,0.486
balanced_medium,valid,high_risk_threshold,0.067314,0.6605,0.748295440141871,0.5553516202089636,0.6862555855927305,0.9564270152505446,0.2110576923076923,0.3458054352107129,0.5605209397344229,0.1055916607682903,0.13,0.13,439,1641,20,13900,0.860306258127567,0.6777671776087776,0.5373356545658131,0.5768629197278955,0.4798125
balanced_medium,valid,high_risk_threshold,0.07,0.66225,0.7479258196686501,0.5576980013660094,0.6872517598897937,0.9520697167755992,0.2158024691358024,0.3518518518518518,0.5659155659155659,0.1021813268129464,0.1265625,0.1265625,437,1588,22,13953,0.860306258127567,0.6777671776087776,0.5373356545658131,0.5768629197278955,0.4776875
balanced_medium,valid,high_risk_threshold,0.077314,0.666625,0.7501493739534077,0.5640649819505253,0.6899918904415431,0.9498910675381264,0.2270833333333333,0.3665405632618747,0.5804046858359958,0.09548935074963,0.12,0.12,436,1484,23,14057,0.860306258127567,0.6777671776087776,0.5373356545658131,0.5768629197278955,0.4733125
balanced_medium,valid,high_risk_threshold,0.08,0.668875,0.7516599023017468,0.5677237260098907,0.6914006249305694,0.9498910675381264,0.2340311325818572,0.3755383290267011,0.5893484725601513,0.0918216330995431,0.1164375,0.1164375,436,1427,23,14114,0.860306258127567,0.6777671776087776,0.5373356545658131,0.5768629197278955,0.471375
balanced_medium,valid,high_risk_threshold,0.09,0.67275,0.7538004459592808,0.5741512279381303,0.6938621996065103,0.9477124183006536,0.2460407239819004,0.3906600808262236,0.6034961154273029,0.0857731162730841,0.1105,0.1105,435,1333,24,14208,0.860306258127567,0.6777671776087776,0.5373356545658131,0.5768629197278955,0.468125
balanced_medium,valid,high_risk_threshold,0.090883,0.6729375,0.7538924846155165,0.574598239467787,0.6939421046979267,0.9477124183006536,0.2471590909090909,0.3920684993240198,0.6048387096774194,0.0852583488835982,0.11,0.11,435,1325,24,14216,0.860306258127567,0.6777671776087776,0.5373356545658131,0.5768629197278955,0.467875
balanced_medium,valid,high_risk_threshold,0.1,0.676125,0.7549188034450719,0.5800100842824356,0.6960200215658527,0.943355119825708,0.2575847709696609,0.4046728971962617,0.6155814614728463,0.0803037127597966,0.1050625,0.1050625,433,1248,26,14293,0.860306258127567,0.6777671776087776,0.5373356545658131,0.5768629197278955,0.4653125
balanced_medium,valid,high_risk_threshold,0.108729,0.6790625,0.7563555151373208,0.5858549774666155,0.6978627880555414,0.9411764705882352,0.27,0.419621175327829,0.6286379511059371,0.0751560388649379,0.1,0.1,432,1168,27,14373,0.860306258127567,0.6777671776087776,0.5373356545658131,0.5768629197278955,0.4629375
balanced_medium,valid,high_risk_threshold,0.11,0.6795625,0.7568039837907049,0.5868014389968702,0.69819634950517,0.9411764705882352,0.2716981132075471,0.4216691068814056,0.6304728546409807,0.0745125796280805,0.099375,0.099375,432,1158,27,14383,0.860306258127567,0.6777671776087776,0.5373356545658131,0.5768629197278955,0.462625
balanced_medium,valid,high_risk_threshold,0.12,0.68225,0.7592195786085639,0.5929983193278094,0.6998237832611884,0.9411764705882352,0.2845849802371542,0.4370257966616085,0.6440071556350627,0.0698796731227076,0.094875,0.094875,432,1086,27,14455,0.860306258127567,0.6777671776087776,0.5373356545658131,0.5768629197278955,0.461
balanced_medium,valid,high_risk_threshold,0.13,0.684375,0.7589882017450206,0.5980016045502425,0.7010772610300343,0.934640522875817,0.2962707182320442,0.4499213424226533,0.6531668696711328,0.0655684962357634,0.0905,0.0905,429,1019,30,14522,0.860306258127567,0.6777671776087776,0.5373356545658131,0.5768629197278955,0.4593125
balanced_medium,valid,high_risk_threshold,0.131099,0.6845625,0.7592020597433097,0.5986761063379415,0.7011690732578139,0.934640522875817,0.2979166666666666,0.4518167456556082,0.6547619047619048,0.0650537288462776,0.09,0.09,429,1011,30,14530,0.860306258127567,0.6777671776087776,0.5373356545658131,0.5768629197278955,0.4593125
balanced_medium,valid,high_risk_threshold,0.14,0.6863125,0.7594821424277075,0.6027261766369701,0.7023050351147224,0.9302832244008714,0.3069734004313443,0.4616216216216216,0.6616052060737527,0.062029470433048,0.0869375,0.0869375,427,964,32,14577,0.860306258127567,0.6777671776087776,0.5373356545658131,0.5768629197278955,0.458375
balanced_medium,valid,high_risk_threshold,0.15,0.6881875,0.7602754823925677,0.6079124508335667,0.7034936647823468,0.9281045751633988,0.3198198198198198,0.4757118927973199,0.6723484848484849,0.0582974068592754,0.08325,0.08325,426,906,33,14635,0.860306258127567,0.6777671776087776,0.5373356545658131,0.5768629197278955,0.4570625
balanced_medium,valid,high_risk_threshold,0.16,0.6894375,0.7601883093182836,0.6116891114161547,0.7042539621386724,0.9237472766884532,0.3294483294483294,0.4856815578465063,0.6788344540505924,0.0555305321407888,0.0804375,0.0804375,424,863,35,14678,0.860306258127567,0.6777671776087776,0.5373356545658131,0.5768629197278955,0.4565625
balanced_medium,valid,high_risk_threshold,0.16167,0.6898125,0.7606160253148619,0.6125871846318179,0.7045260792168597,0.9237472766884532,0.33125,0.4876365727429557,0.6803594351732991,0.0550801106749887,0.08,0.08,424,856,35,14685,0.860306258127567,0.6777671776087776,0.5373356545658131,0.5768629197278955,0.4565625
balanced_medium,valid,high_risk_threshold,0.17,0.6910625,0.7613056019956925,0.6165635715410721,0.7053153635363508,0.9215686274509804,0.3411290322580645,0.4979399646851088,0.6875812743823146,0.052570619651245,0.0775,0.0775,423,817,36,14724,0.860306258127567,0.6777671776087776,0.5373356545658131,0.5768629197278955,0.4563125
balanced_medium,valid,high_risk_threshold,0.18,0.692375,0.7626401821943118,0.6207960216529079,0.7062021308527221,0.9215686274509804,0.3516209476309227,0.5090252707581228,0.6959526159921026,0.0501898204748729,0.0751875,0.0751875,423,780,36,14761,0.860306258127567,0.6777671776087776,0.5373356545658131,0.5768629197278955,0.4560625
balanced_medium,valid,high_risk_threshold,0.19,0.69425,0.7640426188694396,0.6268861029935113,0.7074685723245627,0.9193899782135077,0.3669565217391304,0.5245494095711623,0.7066309444072337,0.0468438324432147,0.071875,0.071875,422,728,37,14813,0.860306258127567,0.6777671776087776,0.5373356545658131,0.5768629197278955,0.4558125
balanced_medium,valid,high_risk_threshold,0.199104,0.695375,0.7651227346224186,0.6306585689894626,0.7082713512190936,0.9193899782135077,0.3767857142857143,0.5345155161494617,0.7138024357239512,0.0449134547326426,0.07,0.07,422,698,37,14843,0.860306258127567,0.6777671776087776,0.5373356545658131,0.5768629197278955,0.4555
balanced_medium,valid,high_risk_threshold,0.2,0.695375,0.7651227346224186,0.6308481644610295,0.7082589129159742,0.9193899782135077,0.3774597495527728,0.5351934051997463,0.7142857142857143,0.0447847628852712,0.069875,0.069875,422,696,37,14845,0.860306258127567,0.6777671776087776,0.5373356545658131,0.5768629197278955,0.4555
balanced_medium,valid,high_risk_threshold,0.21,0.69725,0.7671394952632564,0.6364367175480756,0.7096549579397022,0.9193899782135077,0.3911028730305839,0.5487646293888166,0.7238421955403087,0.0422752718615275,0.0674375,0.0674375,422,657,37,14884,0.860306258127567,0.6777671776087776,0.5373356545658131,0.5768629197278955,0.4553125
balanced_medium,valid,high_risk_threshold,0.22,0.698,0.7678731079143595,0.6395783098086705,0.7101594673145908,0.9193899782135077,0.4,0.5574636723910171,0.7298512625389139,0.0407309696930699,0.0659375,0.0659375,422,633,37,14908,0.860306258127567,0.6777671776087776,0.5373356545658131,0.5768629197278955,0.455
balanced_medium,valid,high_risk_threshold,0.23,0.6989375,0.7687799721164005,0.6423155064251785,0.710888932674621,0.9193899782135077,0.4069431051108968,0.5641711229946524,0.7344239470936303,0.0395727430667267,0.0648125,0.0648125,422,615,37,14926,0.860306258127567,0.6777671776087776,0.5373356545658131,0.5768629197278955,0.45475
balanced_medium,valid,high_risk_threshold,0.24,0.6994375,0.7692284407697846,0.643821774798711,0.7112819879253167,0.9193899782135077,0.4109055501460564,0.5679676985195155,0.7369891721969961,0.0389292838298693,0.0641875,0.0641875,422,605,37,14936,0.860306258127567,0.6777671776087776,0.5373356545658131,0.5768629197278955,0.4545625
balanced_medium,valid,high_risk_threshold,0.25,0.7000625,0.769738268527326,0.6459852918131688,0.7117589869934904,0.9193899782135077,0.41699604743083,0.5737593473827328,0.7408707865168539,0.0379640949745833,0.06325,0.06325,422,590,37,14951,0.860306258127567,0.6777671776087776,0.5373356545658131,0.5768629197278955,0.4541875
balanced_medium,valid,high_risk_threshold,0.26,0.7001875,0.7698808405261853,0.6465610393722493,0.7118363111662046,0.9193899782135077,0.4186507936507936,0.5753237900477164,0.7419127988748243,0.0377067112798404,0.063,0.063,422,586,37,14955,0.860306258127567,0.6777671776087776,0.5373356545658131,0.5768629197278955,0.454125
balanced_medium,valid,high_risk_threshold,0.27,0.700375,0.769399161664062,0.647128782220037,0.7119621866331842,0.9172113289760347,0.4205794205794206,0.5767123287671233,0.741980965808953,0.037320635737726,0.0625625,0.0625625,421,580,38,14961,0.860306258127567,0.6777671776087776,0.5373356545658131,0.5768629197278955,0.4539375
balanced_medium,valid,high_risk_threshold,0.28,0.70075,0.7696238454238844,0.6481894231572345,0.7122663432081079,0.9172113289760347,0.4235412474849094,0.5794907088781831,0.7438162544169612,0.0368702142719258,0.062125,0.062125,421,573,38,14968,0.860306258127567,0.6777671776087776,0.5373356545658131,0.5768629197278955,0.4535625
balanced_medium,valid,high_risk_threshold,0.29,0.701,0.7698277765269009,0.648849997400066,0.7124725223667893,0.9172113289760347,0.4252525252525252,0.5810904071773637,0.7448690728945506,0.0366128305771829,0.061875,0.061875,421,569,38,14972,0.860306258127567,0.6777671776087776,0.5373356545658131,0.5768629197278955,0.4534375
balanced_medium,valid,high_risk_threshold,0.3,0.701,0.7691322396664885,0.6487856922384475,0.7124569909438304,0.915032679738562,0.425531914893617,0.5809128630705395,0.7438894792773644,0.0364841387298114,0.0616875,0.0616875,420,567,39,14974,0.860306258127567,0.6777671776087776,0.5373356545658131,0.5768629197278955,0.45325
balanced_medium,valid,high_risk_threshold,0.31,0.7011875,0.7692242783227242,0.6494891630263817,0.7126003093584717,0.915032679738562,0.4276985743380855,0.5829285218598196,0.745209368346345,0.0361624091113827,0.061375,0.061375,420,562,39,14979,0.860306258127567,0.6777671776087776,0.5373356545658131,0.5768629197278955,0.453
balanced_medium,valid,high_risk_threshold,0.32,0.7015,0.7686821392227046,0.6503158123429843,0.71287337174407,0.9128540305010894,0.4306269270298047,0.585195530726257,0.7458170167319331,0.0356476417218969,0.0608125,0.0608125,419,554,40,14987,0.860306258127567,0.6777671776087776,0.5373356545658131,0.5768629197278955,0.452625
balanced_medium,valid,high_risk_threshold,0.33,0.701875,0.7681706796747633,0.6511962668034047,0.7131951015713399,0.9106753812636166,0.4336099585062241,0.5874912157413914,0.7464285714285716,0.035132874332411,0.06025,0.06025,418,546,41,14995,0.860306258127567,0.6777671776087776,0.5373356545658131,0.5768629197278955,0.452125
balanced_medium,valid,high_risk_threshold,0.334878,0.701875,0.7681706796747633,0.6516806300616736,0.7131681553974651,0.9106753812636166,0.4354166666666667,0.5891472868217055,0.7474964234620888,0.0348754906376681,0.06,0.06,418,542,41,14999,0.860306258127567,0.6777671776087776,0.5373356545658131,0.5768629197278955,0.4520625
balanced_medium,valid,high_risk_threshold,0.34,0.7019375,0.7682013592268419,0.6520812149144835,0.713214663627483,0.9106753812636166,0.4367816091954023,0.5903954802259888,0.7482993197278912,0.0346824528666109,0.0598125,0.0598125,418,539,41,15002,0.860306258127567,0.6777671776087776,0.5373356545658131,0.5768629197278955,0.452
balanced_medium,valid,high_risk_threshold,0.35,0.7019375,0.7668102855060172,0.6523120879999564,0.7132044268002968,0.906318082788671,0.4388185654008439,0.5913290689410092,0.7471264367816093,0.0342320314008107,0.05925,0.05925,416,532,43,15009,0.860306258127567,0.6777671776087776,0.5373356545658131,0.5768629197278955,0.4518125
balanced_medium,valid,high_risk_threshold,0.36,0.702375,0.7670656488179182,0.6537127791063374,0.7135746928504058,0.906318082788671,0.443024494142705,0.5951359084406295,0.7495495495495496,0.0336529180876391,0.0586875,0.0586875,416,523,43,15018,0.860306258127567,0.6777671776087776,0.5373356545658131,0.5768629197278955,0.4514375
balanced_medium,valid,high_risk_threshold,0.37,0.702625,0.766533436613171,0.6544517562277102,0.7137808998794243,0.9041394335511984,0.4457572502685284,0.5971223021582733,0.7499096494398265,0.033202496621839,0.0581875,0.0581875,415,516,44,15025,0.860306258127567,0.6777671776087776,0.5373356545658131,0.5768629197278955,0.451125
balanced_medium,valid,high_risk_threshold,0.38,0.7025625,0.76580722020068,0.6543573682826872,0.7137075222822143,0.9019607843137256,0.4461206896551724,0.5969718817591925,0.7489146164978292,0.0330738047744675,0.058,0.058,414,514,45,15027,0.860306258127567,0.6777671776087776,0.5373356545658131,0.5768629197278955,0.451
balanced_medium,valid,high_risk_threshold,0.39,0.70275,0.7658992588569157,0.6552301007269367,0.7138618094564229,0.9019607843137256,0.4490238611713666,0.5995655322230268,0.7505438723712836,0.0326877292323531,0.057625,0.057625,414,508,45,15033,0.860306258127567,0.6777671776087776,0.5373356545658131,0.5768629197278955,0.4508125
balanced_medium,valid,high_risk_threshold,0.4,0.7026875,0.7630864318631877,0.6546886122270655,0.7138147950405149,0.8932461873638344,0.4495614035087719,0.5981035740335522,0.7459970887918486,0.0323016536902387,0.057,0.057,410,502,49,15039,0.860306258127567,0.6777671776087776,0.5373356545658131,0.5768629197278955,0.4505
balanced_medium,valid,high_risk_threshold,0.41,0.703,0.7627067185525727,0.6562067329999773,0.7140279707729833,0.8910675381263616,0.4549499443826474,0.6023564064801178,0.7477148080438758,0.0315295026060099,0.0561875,0.0561875,409,490,50,15051,0.860306258127567,0.6777671776087776,0.5373356545658131,0.5768629197278955,0.4501875
balanced_medium,valid,high_risk_threshold,0.42,0.703125,0.761377003935905,0.65643004746131,0.7141304894487428,0.8867102396514162,0.4567901234567901,0.6029629629629629,0.7462412907957462,0.0311434270638955,0.0556875,0.0556875,407,484,52,15057,0.860306258127567,0.6777671776087776,0.5373356545658131,0.5768629197278955,0.4498125
balanced_medium,valid,high_risk_threshold,0.43,0.703,0.7586147102848008,0.656148677262431,0.714019253718327,0.8779956427015251,0.4584755403868031,0.6023916292974589,0.7421731123388582,0.0306286596744096,0.0549375,0.0549375,403,476,56,15065,0.860306258127567,0.6777671776087776,0.5373356545658131,0.5768629197278955,0.44975
balanced_medium,valid,high_risk_threshold,0.44,0.703,0.7559137757378536,0.6563475810642171,0.7140054377023255,0.869281045751634,0.4618055555555556,0.6031746031746031,0.7388888888888889,0.0299208545138665,0.054,0.054,399,465,60,15076,0.860306258127567,0.6777671776087776,0.5373356545658131,0.5768629197278955,0.4495
balanced_medium,valid,high_risk_threshold,0.45,0.7030625,0.755330131324222,0.6571808883678073,0.714033213184553,0.8671023965141612,0.4654970760233918,0.6057838660578386,0.73950204384987,0.0294060871243806,0.0534375,0.0534375,398,457,61,15084,0.860306258127567,0.6777671776087776,0.5373356545658131,0.5768629197278955,0.4494375
balanced_medium,valid,high_risk_threshold,0.46,0.7031875,0.7554320968757303,0.6580982714200472,0.7141293335851643,0.8671023965141612,0.4687868080094228,0.6085626911314985,0.7411545623836127,0.0290200115822662,0.0530625,0.0530625,398,451,61,15090,0.860306258127567,0.6777671776087776,0.5373356545658131,0.5768629197278955,0.449375
balanced_medium,valid,high_risk_threshold,0.47,0.7033125,0.7521781974672302,0.657961567998762,0.714259717732299,0.8562091503267973,0.4712230215827338,0.6078886310904872,0.7359550561797753,0.0283765523454089,0.052125,0.052125,393,441,66,15100,0.860306258127567,0.6777671776087776,0.5373356545658131,0.5768629197278955,0.4491875
balanced_medium,valid,high_risk_threshold,0.48,0.7035,0.7490361905055108,0.6583335630387069,0.714409268206004,0.8453159041394336,0.4754901960784313,0.6086274509803922,0.7315233785822022,0.0275400553374943,0.051,0.051,388,428,71,15113,0.860306258127567,0.6777671776087776,0.5373356545658131,0.5768629197278955,0.4489375
balanced_medium,valid,high_risk_threshold,0.488262,0.7036875,0.7458941835437916,0.6584256607986229,0.7145629761757455,0.8344226579520697,0.47875,0.6084193804606831,0.7264795144157814,0.0268322501769512,0.05,0.05,383,417,76,15124,0.860306258127567,0.6777671776087776,0.5373356545658131,0.5768629197278955,0.4486875
balanced_medium,valid,high_risk_threshold,0.49,0.7036875,0.7452392531307304,0.6582422564265737,0.7145663863639712,0.8322440087145969,0.4786967418546365,0.6077963404932378,0.7251328777524676,0.0267679042532655,0.049875,0.049875,382,416,77,15125,0.860306258127567,0.6777671776087776,0.5373356545658131,0.5768629197278955,0.4486875
balanced_medium,valid,high_risk_threshold,0.5,0.7035,0.7397453453806003,0.6569815265061024,0.7144329941254666,0.8148148148148148,0.4801026957637997,0.6042003231017771,0.7151051625239006,0.0260600990927224,0.0486875,0.0486875,374,405,85,15136,0.860306258127567,0.6777671776087776,0.5373356545658131,0.5768629197278955,0.448625
balanced_medium,valid,high_risk_threshold,0.51,0.703375,0.7363281213164349,0.6570878566105566,0.7143068206001438,0.803921568627451,0.4848883048620236,0.6049180327868853,0.7104351174432038,0.0252236020848079,0.0475625,0.0475625,369,392,90,15149,0.860306258127567,0.6777671776087776,0.5373356545658131,0.5768629197278955,0.4485
balanced_medium,valid,high_risk_threshold,0.52,0.7035,0.7338103652156983,0.657156296880421,0.7144207111182239,0.7952069716775599,0.4879679144385027,0.6048053024026512,0.7062693498452013,0.0246444887716363,0.04675,0.04675,365,383,94,15158,0.860306258127567,0.6777671776087776,0.5373356545658131,0.5768629197278955,0.4484375
balanced_medium,valid,high_risk_threshold,0.53,0.7035625,0.7305663927024709,0.6577400429415233,0.7144459139717573,0.7843137254901961,0.4945054945054945,0.6065711878685762,0.7020280811232449,0.0236792999163503,0.0455,0.0455,360,368,99,15173,0.860306258127567,0.6777671776087776,0.5373356545658131,0.5768629197278955,0.4481875
balanced_medium,valid,high_risk_threshold,0.54,0.703375,0.7276922066045858,0.6568987762757669,0.7143009860593212,0.775599128540305,0.4951321279554937,0.6044142614601019,0.6966731898238748,0.0233575702979216,0.0449375,0.0449375,356,363,103,15178,0.860306258127567,0.6777671776087776,0.5373356545658131,0.5768629197278955,0.448125
balanced_medium,valid,high_risk_threshold,0.55,0.70325,0.7262397737796039,0.6565315326446172,0.714198736945753,0.7712418300653595,0.4957983193277311,0.6035805626598465,0.6941176470588236,0.0231645325268644,0.044625,0.044625,354,360,105,15181,0.860306258127567,0.6777671776087776,0.5373356545658131,0.5768629197278955,0.448125
balanced_medium,valid,high_risk_threshold,0.56,0.70325,0.7235794456800079,0.6561679248689352,0.7141976073059014,0.7625272331154684,0.4978662873399715,0.6024096385542169,0.6892477353288697,0.0227141110610642,0.0439375,0.0439375,350,353,109,15188,0.860306258127567,0.6777671776087776,0.5373356545658131,0.5768629197278955,0.448
balanced_medium,valid,high_risk_threshold,0.57,0.7030625,0.7173900010694654,0.654708947741878,0.714049139217579,0.7429193899782135,0.5007342143906021,0.5982456140350877,0.677393722685737,0.0218776140531497,0.0425625,0.0425625,341,340,118,15201,0.860306258127567,0.6777671776087776,0.5373356545658131,0.5768629197278955,0.4478125
balanced_medium,valid,high_risk_threshold,0.58,0.7028125,0.7131346681460281,0.6533364952874638,0.7138273306776041,0.7298474945533769,0.5014970059880239,0.5944986690328306,0.6689297124600639,0.0214271925873495,0.04175,0.04175,335,333,124,15208,0.860306258127567,0.6777671776087776,0.5373356545658131,0.5768629197278955,0.447625
balanced_medium,valid,high_risk_threshold,0.59,0.702875,0.7098906956328007,0.6538870305862576,0.7138841877002978,0.7189542483660131,0.5092592592592593,0.5962059620596206,0.6642512077294687,0.0204620037320635,0.0405,0.0405,330,318,129,15223,0.860306258127567,0.6777671776087776,0.5373356545658131,0.5768629197278955,0.4475625
balanced_medium,valid,high_risk_threshold,0.593854,0.70275,0.7070877955343452,0.6528681532269763,0.7137746325393688,0.710239651416122,0.509375,0.5932666060054596,0.6583198707592891,0.0202046200373206,0.04,0.04,326,314,133,15227,0.860306258127567,0.6777671776087776,0.5373356545658131,0.5768629197278955,0.4474375
balanced_medium,valid,high_risk_threshold,0.6,0.7025625,0.7035992854707501,0.6518958163373968,0.7136055294907768,0.6993464052287581,0.5111464968152867,0.5906163753449862,0.6513798701298702,0.0197541985715204,0.03925,0.03925,321,307,138,15234,0.860306258127567,0.6777671776087776,0.5373356545658131,0.5768629197278955,0.447375
balanced_medium,valid,high_risk_threshold,0.61,0.702375,0.6974504473075589,0.6499539313148257,0.7134253504727376,0.6797385620915033,0.5131578947368421,0.584817244611059,0.6382978723404256,0.0190463934109774,0.038,0.038,312,296,147,15245,0.860306258127567,0.6777671776087776,0.5373356545658131,0.5768629197278955,0.4471875
balanced_medium,valid,high_risk_threshold,0.62,0.70275,0.6952178352045411,0.6518603895876504,0.7137449040463675,0.6710239651416122,0.5264957264957265,0.5900383141762452,0.6361007847996696,0.0178238208609484,0.0365625,0.0365625,308,277,151,15264,0.860306258127567,0.6777671776087776,0.5373356545658131,0.5768629197278955,0.447125
balanced_medium,valid,high_risk_threshold,0.63,0.7021875,0.6879863506317104,0.6492262154102165,0.713254591944636,0.6492374727668845,0.5293072824156305,0.5831702544031311,0.6210921217173822,0.0170516697767196,0.0351875,0.0351875,298,265,161,15276,0.860306258127567,0.6777671776087776,0.5373356545658131,0.5768629197278955,0.447
balanced_medium,valid,high_risk_threshold,0.64,0.7018125,0.6809687240571689,0.6463171204873727,0.7129210101840836,0.6274509803921569,0.5303867403314917,0.5748502994011976,0.605296343001261,0.0164082105398623,0.0339375,0.0339375,288,255,171,15286,0.860306258127567,0.6777671776087776,0.5373356545658131,0.5768629197278955,0.4469375
balanced_medium,valid,high_risk_threshold,0.65,0.701375,0.6732654875174875,0.6424635751537008,0.7125126120150426,0.6034858387799564,0.5286259541984732,0.5635808748728383,0.5868644067796609,0.0158934431503764,0.03275,0.03275,277,247,182,15294,0.860306258127567,0.6777671776087776,0.5373356545658131,0.5768629197278955,0.4469375
balanced_medium,valid,high_risk_threshold,0.66,0.7010625,0.6683245446289106,0.6400606549585751,0.7122191206037208,0.5882352941176471,0.5283757338551859,0.5567010309278351,0.5752023860247124,0.015507367608262,0.0319375,0.0319375,270,241,189,15300,0.860306258127567,0.6777671776087776,0.5373356545658131,0.5768629197278955,0.4469375
balanced_medium,valid,high_risk_threshold,0.67,0.700625,0.6599257712288169,0.6368731380165488,0.7117871976659764,0.5620915032679739,0.5341614906832298,0.5477707006369427,0.55627425614489,0.0144778328292902,0.0301875,0.0301875,258,225,201,15316,0.860306258127567,0.6777671776087776,0.5373356545658131,0.5768629197278955,0.4468125
balanced_medium,valid,high_risk_threshold,0.671033,0.700625,0.6592708408157556,0.6365763256765815,0.7117805646484281,0.5599128540305011,0.5343035343035343,0.5468085106382978,0.5545964609408718,0.0144134869056045,0.0300625,0.0300625,257,224,202,15317,0.860306258127567,0.6777671776087776,0.5373356545658131,0.5768629197278955,0.4468125
balanced_medium,valid,high_risk_threshold,0.68,0.7000625,0.6507701018641537,0.6316711140535255,0.7112224590951939,0.5337690631808278,0.5314533622559653,0.532608695652174,0.5333043099695255,0.0138987195161186,0.0288125,0.0288125,245,216,214,15325,0.860306258127567,0.6777671776087776,0.5373356545658131,0.5768629197278955,0.4468125
balanced_medium,valid,high_risk_threshold,0.69,0.7,0.6461143029732955,0.6300793359049304,0.7111163496119932,0.5185185185185185,0.5372460496613995,0.5277161862527716,0.5221588415971917,0.0131909143555755,0.0276875,0.0276875,238,205,221,15336,0.860306258127567,0.6777671776087776,0.5373356545658131,0.5768629197278955,0.4468125
balanced_medium,valid,high_risk_threshold,0.7,0.6994375,0.6375729575743424,0.6255153533173661,0.7105415528987906,0.4923747276688453,0.5393794749403341,0.5148063781321185,0.5011086474501109,0.0124187632713467,0.0261875,0.0261875,226,193,233,15348,0.860306258127567,0.6777671776087776,0.5373356545658131,0.5768629197278955,0.44675
balanced_medium,valid,high_risk_threshold,0.71,0.69925,0.6308097954454412,0.622345583991957,0.7102776926265532,0.4705882352941176,0.5454545454545454,0.5052631578947369,0.4838709677419354,0.0115822662634322,0.02475,0.02475,216,180,243,15361,0.860306258127567,0.6777671776087776,0.5373356545658131,0.5768629197278955,0.44675
balanced_medium,valid,high_risk_threshold,0.72,0.699375,0.6270227849659333,0.6226342431114221,0.7103302196585612,0.457516339869281,0.5660377358490566,0.5060240963855421,0.4757589487992749,0.0103596937134032,0.0231875,0.0231875,210,161,249,15380,0.860306258127567,0.6777671776087776,0.5373356545658131,0.5768629197278955,0.44675
balanced_medium,valid,high_risk_threshold,0.73,0.69875,0.615831038362657,0.6145407663737393,0.7095693889007353,0.4226579520697168,0.5606936416184971,0.4819875776397515,0.4445462878093492,0.0097805804002316,0.021625,0.021625,194,152,265,15389,0.860306258127567,0.6777671776087776,0.5373356545658131,0.5768629197278955,0.44675
balanced_medium,valid,high_risk_threshold,0.74,0.6981875,0.6066753689979937,0.6080208452172952,0.7088797058638708,0.3943355119825708,0.5603715170278638,0.4629156010230179,0.4191755442334414,0.0091371211633743,0.0201875,0.0201875,181,142,278,15399,0.860306258127567,0.6777671776087776,0.5373356545658131,0.5768629197278955,0.44675
balanced_medium,valid,high_risk_threshold,0.741694,0.69825,0.6060511181370111,0.6078037748539666,0.7089203286780953,0.392156862745098,0.5625,0.4621309370988447,0.4174397031539889,0.0090084293160028,0.02,0.02,180,140,279,15401,0.860306258127567,0.6777671776087776,0.5373356545658131,0.5768629197278955,0.4466875
balanced_medium,valid,high_risk_threshold,0.75,0.6978125,0.599002812010391,0.6032711891979826,0.7083699529328765,0.3703703703703703,0.5704697986577181,0.4491413474240422,0.3983130271790065,0.008236278231774,0.018625,0.018625,170,128,289,15413,0.860306258127567,0.6777671776087776,0.5373356545658131,0.5768629197278955,0.4466875
balanced_medium,valid,high_risk_threshold,0.76,0.697625,0.5942044411206734,0.6005269325648407,0.7080736584130602,0.355119825708061,0.5821428571428572,0.4411366711772665,0.3851606805293006,0.0075284730712309,0.0175,0.0175,163,117,296,15424,0.860306258127567,0.6777671776087776,0.5373356545658131,0.5768629197278955,0.4466875
balanced_medium,valid,high_risk_threshold,0.77,0.6968125,0.5821439061060465,0.5901319309582906,0.7069846602353607,0.3180827886710239,0.5793650793650794,0.410689170182841,0.3496168582375479,0.0068206679106878,0.01575,0.01575,146,106,313,15435,0.860306258127567,0.6777671776087776,0.5373356545658131,0.5768629197278955,0.4466875
balanced_medium,valid,high_risk_threshold,0.78,0.6964375,0.5744713491184438,0.5839272553875311,0.7063781463184183,0.2941176470588235,0.5895196506550219,0.3924418604651162,0.3268765133171913,0.006048516826459,0.0143125,0.0143125,135,94,324,15447,0.860306258127567,0.6777671776087776,0.5373356545658131,0.5768629197278955,0.446625
balanced_medium,valid,high_risk_threshold,0.79,0.696375,0.5697749437802344,0.5804967467505642,0.7061230544829556,0.2788671023965142,0.6066350710900474,0.382089552238806,0.3126526624328286,0.0053407116659159,0.0131875,0.0131875,128,83,331,15458,0.860306258127567,0.6777671776087776,0.5373356545658131,0.5768629197278955,0.4465625
balanced_medium,valid,high_risk_threshold,0.8,0.6960625,0.5622142792394126,0.5733076950106654,0.7054958329850213,0.2549019607843137,0.6157894736842106,0.3605546995377504,0.288746298124383,0.0046972524290586,0.011875,0.011875,117,73,342,15468,0.860306258127567,0.6777671776087776,0.5373356545658131,0.5768629197278955,0.4465625
balanced_medium,valid,high_risk_threshold,0.81,0.695625,0.55385611228667,0.5646807442135218,0.7046863303394435,0.2287581699346405,0.625,0.3349282296650718,0.2619760479041916,0.0040537931922012,0.0105,0.0105,105,63,354,15478,0.860306258127567,0.6777671776087776,0.5373356545658131,0.5768629197278955,0.4465625
balanced_medium,valid,high_risk_threshold,0.81489,0.6955625,0.5511651046349955,0.561852409635469,0.7044720222917564,0.2200435729847494,0.63125,0.3263327948303716,0.2530060120240481,0.0037964094974583,0.01,0.01,101,59,358,15482,0.860306258127567,0.6777671776087776,0.5373356545658131,0.5768629197278955,0.4465625
balanced_medium,valid,high_risk_threshold,0.82,0.69525,0.5475340225725408,0.5579968591870372,0.7040071596144604,0.2091503267973856,0.64,0.3152709359605911,0.2416918429003021,0.0034746798790296,0.009375,0.009375,96,54,363,15487,0.860306258127567,0.6777671776087776,0.5373356545658131,0.5768629197278955,0.4465625
balanced_medium,valid,high_risk_threshold,0.83,0.6946875,0.5390332836209389,0.547963281718128,0.7030002451991362,0.1830065359477124,0.6511627906976745,0.2857142857142857,0.2137404580152672,0.002895566565858,0.0080625,0.0080625,84,45,375,15496,0.860306258127567,0.6777671776087776,0.5373356545658131,0.5768629197278955,0.4465625
balanced_medium,valid,high_risk_threshold,0.84,0.6935625,0.5259613881961024,0.5302164250764484,0.7011685963503008,0.1437908496732026,0.6226415094339622,0.2336283185840708,0.1699279093717816,0.0025738369474293,0.006625,0.006625,66,40,393,15501,0.860306258127567,0.6777671776087776,0.5373356545658131,0.5768629197278955,0.4465625
balanced_medium,valid,high_risk_threshold,0.85,0.693125,0.5202229428956046,0.5223390684314311,0.7003509455233329,0.1263616557734204,0.6304347826086957,0.2105263157894736,0.1504149377593361,0.0021877614053149,0.00575,0.00575,58,34,401,15507,0.860306258127567,0.6777671776087776,0.5373356545658131,0.5768629197278955,0.4465625
balanced_medium,valid,high_risk_threshold,0.86,0.6926875,0.5138295671820458,0.5130700582353948,0.6994324446214643,0.1067538126361655,0.6447368421052632,0.1831775700934579,0.1281380753138075,0.0017373399395148,0.00475,0.00475,49,27,410,15514,0.860306258127567,0.6777671776087776,0.5373356545658131,0.5768629197278955,0.4465625
balanced_medium,valid,high_risk_threshold,0.87,0.69225,0.5067812610554256,0.5022530191693886,0.6983865009148444,0.0849673202614379,0.6842105263157895,0.1511627906976744,0.1030110935023771,0.0011582266263432,0.0035625,0.0035625,39,18,420,15523,0.860306258127567,0.6777671776087776,0.5373356545658131,0.5768629197278955,0.4465625
balanced_medium,valid,high_risk_threshold,0.88,0.6918125,0.501042815754928,0.4925355039906913,0.6974769898227318,0.0675381263616557,0.6458333333333334,0.1222879684418146,0.0822717622080679,0.0010938807026574,0.003,0.003,31,17,428,15524,0.860306258127567,0.6777671776087776,0.5373356545658131,0.5768629197278955,0.4465625
balanced_medium,valid,high_risk_threshold,0.89,0.691875,0.4998042409282353,0.4905542973547135,0.6973359705490079,0.0631808278867102,0.725,0.1162324649298597,0.0772921108742004,0.000707805160543,0.0025,0.0025,29,11,430,15530,0.860306258127567,0.6777671776087776,0.5373356545658131,0.5768629197278955,0.4465625
balanced_medium,valid,high_risk_threshold,0.9,0.6913125,0.493268293215817,0.4788720828918271,0.6962128019342992,0.0435729847494553,0.6451612903225806,0.0816326530612244,0.0535618639528655,0.000707805160543,0.0019375,0.0019375,20,11,439,15530,0.860306258127567,0.6777671776087776,0.5373356545658131,0.5768629197278955,0.4465625
balanced_medium,valid,high_risk_threshold,0.91,0.691,0.48832735032724,0.4696645217603893,0.6953790767514267,0.0283224400871459,0.6190476190476191,0.0541666666666666,0.0350026925148088,0.0005147673894858,0.0013125,0.0013125,13,8,446,15533,0.860306258127567,0.6777671776087776,0.5373356545658131,0.5768629197278955,0.4465625
balanced_medium,valid,high_risk_threshold,0.92,0.6908125,0.4835289794375224,0.4601855158712646,0.6945721764814273,0.0130718954248366,0.75,0.025695931477516,0.0162689804772234,0.0001286918473714,0.0005,0.0005,6,2,453,15539,0.860306258127567,0.6777671776087776,0.5373356545658131,0.5768629197278955,0.4465625
balanced_medium,valid,high_risk_threshold,0.93,0.6906875,0.4814216161994793,0.4559302939853864,0.6941983978727672,0.0065359477124183,0.75,0.0129589632829373,0.0081521739130434,6.43459236857345e-05,0.00025,0.00025,3,1,456,15540,0.860306258127567,0.6777671776087776,0.5373356545658131,0.5768629197278955,0.4465625
balanced_medium,valid,high_risk_threshold,0.937015,0.690625,0.4800404693739271,0.4530668451978848,0.6939574419955409,0.0021786492374727,1.0,0.0043478260869565,0.0027218290691344,0.0,6.25e-05,6.25e-05,1,0,458,15541,0.860306258127567,0.6777671776087776,0.5373356545658131,0.5768629197278955,0.4465625
balanced_medium,valid,high_risk_threshold,0.94,0.6905625,0.4793142529614362,0.4516010802105031,0.6938182564558975,0.0,0.0,0.0,0.0,0.0,0.0,0.0,0,0,459,15541,0.860306258127567,0.6777671776087776,0.5373356545658131,0.5768629197278955,0.4465625
balanced_medium,valid,high_risk_threshold,0.95,0.6905625,0.4793142529614362,0.4516010802105031,0.6938182564558975,0.0,0.0,0.0,0.0,0.0,0.0,0.0,0,0,459,15541,0.860306258127567,0.6777671776087776,0.5373356545658131,0.5768629197278955,0.4465625
balanced_medium,valid,high_risk_threshold,0.96,0.6905625,0.4793142529614362,0.4516010802105031,0.6938182564558975,0.0,0.0,0.0,0.0,0.0,0.0,0.0,0,0,459,15541,0.860306258127567,0.6777671776087776,0.5373356545658131,0.5768629197278955,0.4465625
balanced_medium,valid,high_risk_threshold,0.97,0.6905625,0.4793142529614362,0.4516010802105031,0.6938182564558975,0.0,0.0,0.0,0.0,0.0,0.0,0.0,0,0,459,15541,0.860306258127567,0.6777671776087776,0.5373356545658131,0.5768629197278955,0.4465625
balanced_medium,valid,high_risk_threshold,0.98,0.6905625,0.4793142529614362,0.4516010802105031,0.6938182564558975,0.0,0.0,0.0,0.0,0.0,0.0,0.0,0,0,459,15541,0.860306258127567,0.6777671776087776,0.5373356545658131,0.5768629197278955,0.4465625
balanced_medium,valid,high_risk_threshold,0.99,0.6905625,0.4793142529614362,0.4516010802105031,0.6938182564558975,0.0,0.0,0.0,0.0,0.0,0.0,0.0,0,0,459,15541,0.860306258127567,0.6777671776087776,0.5373356545658131,0.5768629197278955,0.4465625
