year_month,product_family,product_group,region_id,market_demand_index,market_growth_pct,competitor_pressure_index,seasonality_index,macro_business_index,supply_pressure_index,pipeline_interest_index,demand_shock_flag,market_opportunity_score,regional_market_growth_factor
2021-01,Accessories,Accessory Kit,5,97.79,0.0,61.65,100.0,100.26,40.85,0.0,0,56.43,0.97
2021-01,Accessories,Accessory Kit,8,101.11,0.0,60.48,100.0,100.26,41.72,79.68,0,76.21,1.07
2021-01,Components,Connectivity Module,7,100.81,0.0,41.85,100.0,100.26,40.34,119.52,0,85.07,1.04
2021-01,Industrial Tech,Industrial Scanner,8,96.78,0.0,38.97,100.0,100.26,40.64,39.84,0,70.2,1.07
2021-01,Industrial Tech,Industrial Scanner,10,97.48,0.0,60.28,100.0,100.26,40.53,0.0,0,56.65,0.95
2021-01,IT Devices,Laptop Pro,2,101.27,0.0,60.5,100.0,100.26,39.49,79.68,0,76.6,1.02
2021-01,IT Devices,Laptop Standard,8,100.08,0.0,40.17,100.0,100.26,42.13,79.68,0,80.2,1.07
2021-01,Legacy Products,Legacy Workstation,5,81.66,0.0,55.32,100.0,100.26,40.37,159.36,1,74.44,0.97
2021-01,Legacy Products,Legacy Workstation,10,94.68,0.0,46.66,100.0,100.26,41.63,0.0,0,58.36,0.95
2021-01,Medical Devices,Medical Sensor,3,99.21,0.0,43.71,100.0,100.26,41.65,278.88,0,83.82,1.09
2021-01,Medical Devices,Medical Sensor,8,98.51,0.0,55.22,100.0,100.26,41.92,119.52,0,80.97,1.07
2021-01,Medical Devices,Monitoring Device,5,94.8,0.0,60.66,100.0,100.26,48.17,79.68,0,72.68,0.97
2021-01,Medical Devices,Monitoring Device,8,102.56,0.0,67.37,100.0,100.26,40.16,79.68,0,75.51,1.07
2021-01,Services,Service Contract,3,100.13,0.0,69.77,100.0,100.26,40.29,39.84,0,64.82,1.09
2021-01,IT Devices,Tablet Enterprise,2,100.36,0.0,54.57,100.0,100.26,40.67,39.84,0,68.2,1.02
2021-02,Accessories,Accessory Kit,3,100.87,1.9,74.49,100.0,103.46,42.29,224.22,0,77.62,1.09
2021-02,Accessories,Accessory Kit,4,108.48,4.75,42.67,100.0,103.46,41.24,89.69,0,85.45,1.01
2021-02,Industrial Tech,Industrial Scanner,2,98.19,-5.6,47.54,100.0,103.46,40.24,89.69,0,80.41,1.02
2021-02,Industrial Tech,Industrial Scanner,3,104.32,7.71,44.79,100.0,103.46,41.37,269.06,0,85.67,1.09
2021-02,IT Devices,Laptop Pro,3,108.18,4.84,38.08,100.0,103.46,42.27,89.69,0,86.18,1.09
2021-02,Legacy Products,Legacy Workstation,3,101.43,4.9,53.23,100.0,103.46,41.75,224.22,0,82.6,1.09
2021-02,Legacy Products,Legacy Workstation,4,99.09,-1.79,51.72,100.0,103.46,39.8,44.84,0,69.6,1.01
2021-02,Legacy Products,Legacy Workstation,7,95.66,-3.89,51.39,100.0,103.46,41.9,44.84,0,67.98,1.04
2021-02,Medical Devices,Medical Sensor,1,100.7,5.37,52.83,100.0,103.46,41.5,269.06,0,82.43,1.06
2021-02,Medical Devices,Medical Sensor,9,105.5,2.85,65.02,100.0,103.46,41.44,44.84,0,68.99,1.12
2021-02,Medical Devices,Monitoring Device,5,110.32,16.37,57.07,100.0,103.46,42.08,134.53,0,85.26,0.97
2021-02,Medical Devices,Monitoring Device,9,104.87,6.27,37.18,100.0,103.46,40.13,44.84,0,75.06,1.12
2021-03,Accessories,Accessory Kit,8,99.96,1.42,53.22,100.0,101.86,41.23,36.36,0,67.46,1.07
2021-03,Components,Connectivity Module,8,100.51,-6.72,57.33,100.0,101.86,48.17,72.73,0,74.09,1.07
2021-03,Components,Connectivity Module,10,101.88,-8.99,60.58,100.0,101.86,40.12,181.82,0,81.4,0.95
2021-03,Industrial Tech,Industrial Scanner,3,102.3,-1.94,50.65,100.0,101.86,42.5,109.09,0,83.4,1.09
2021-03,Industrial Tech,Industrial Scanner,7,102.89,-8.45,60.31,100.0,101.86,40.47,0.0,0,58.82,1.04
2021-03,IT Devices,Laptop Pro,2,99.6,-9.31,57.77,100.0,101.86,40.46,145.45,0,81.06,1.02
2021-03,IT Devices,Laptop Standard,4,103.92,-3.64,57.22,100.0,101.86,41.62,72.73,0,76.46,1.01
2021-03,IT Devices,Laptop Standard,5,96.93,-5.15,66.93,100.0,101.86,41.26,72.73,0,71.59,0.97
2021-03,Legacy Products,Legacy Workstation,1,94.21,-7.2,61.53,100.0,101.86,40.88,300.0,0,78.02,1.06
2021-03,Legacy Products,Legacy Workstation,4,96.48,-2.63,54.17,100.0,101.86,41.36,181.82,0,80.47,1.01
2021-03,Medical Devices,Monitoring Device,3,106.16,4.17,42.16,100.0,101.86,41.79,36.36,0,72.28,1.09
2021-03,Medical Devices,Monitoring Device,7,102.01,0.5,36.29,100.0,101.86,42.6,72.73,0,80.16,1.04
2021-03,Medical Devices,Monitoring Device,10,102.21,1.21,55.48,100.0,101.86,38.79,36.36,0,68.22,0.95
2021-03,Services,Service Contract,4,98.86,-3.25,65.36,100.0,101.86,40.33,109.09,0,79.12,1.01
2021-03,IT Devices,Tablet Enterprise,5,107.66,6.7,59.1,100.0,101.86,39.88,72.73,0,77.81,0.97
2021-04,Accessories,Accessory Kit,2,106.49,4.22,68.83,100.0,102.81,39.98,80.97,0,77.08,1.02
2021-04,Accessories,Accessory Kit,6,104.27,0.42,68.14,100.0,102.81,40.87,202.43,0,80.59,1.14
2021-04,Components,Connectivity Module,4,102.75,2.25,56.17,100.0,102.81,40.53,40.49,0,68.98,1.01
2021-04,Industrial Tech,Industrial Scanner,3,105.1,2.74,51.08,100.0,102.81,41.84,40.49,0,70.84,1.09
2021-04,Industrial Tech,Industrial Scanner,4,102.03,3.94,58.59,100.0,102.81,41.17,121.46,0,81.75,1.01
2021-04,Industrial Tech,Industrial Scanner,8,99.61,0.44,40.64,100.0,102.81,41.13,121.46,0,84.73,1.07
2021-04,Industrial Tech,Industrial Scanner,10,120.23,18.15,45.48,100.0,102.81,40.66,0.0,0,68.99,0.95
2021-04,IT Devices,Laptop Pro,1,109.6,8.57,53.59,100.0,102.81,40.55,80.97,0,81.59,1.06
2021-04,IT Devices,Laptop Pro,7,101.3,-4.08,75.57,100.0,102.81,40.84,0.0,0,54.77,1.04
2021-04,IT Devices,Laptop Pro,8,104.13,-2.07,45.63,100.0,102.81,40.19,40.49,0,71.9,1.07
2021-04,Legacy Products,Legacy Workstation,2,99.47,-3.02,58.58,100.0,102.81,42.12,121.46,0,80.58,1.02
2021-04,Medical Devices,Monitoring Device,4,106.36,5.38,54.8,100.0,102.81,41.86,80.97,0,79.83,1.01
2021-04,Medical Devices,Monitoring Device,6,102.65,-1.07,49.33,100.0,102.81,39.87,80.97,0,79.85,1.14
2021-04,Services,Service Contract,2,115.76,10.81,67.88,100.0,102.81,41.66,202.43,0,85.12,1.02
2021-04,Services,Service Contract,4,105.46,6.68,64.74,100.0,102.81,41.46,121.46,0,81.72,1.01
2021-04,Services,Service Contract,7,89.44,-6.33,53.27,100.0,102.81,52.66,80.97,0,71.78,1.04
2021-04,Services,Service Contract,9,113.44,13.0,42.34,100.0,102.81,42.21,40.49,0,76.04,1.12
2021-04,IT Devices,Tablet Enterprise,8,105.33,1.26,60.81,100.0,102.81,40.0,121.46,0,82.75,1.07
2021-05,Accessories,Accessory Kit,3,103.21,1.38,78.75,100.0,102.07,41.76,188.68,0,77.7,1.09
2021-05,Accessories,Accessory Kit,10,101.05,-7.86,49.12,100.0,102.07,41.43,0.0,0,60.4,0.95
2021-05,Components,Connectivity Module,1,108.5,14.02,55.24,100.0,102.07,40.67,113.21,0,85.15,1.06
2021-05,Components,Connectivity Module,7,105.56,2.17,47.44,100.0,102.07,40.48,75.47,0,80.07,1.04
2021-05,Components,Connectivity Module,8,103.93,-0.72,60.56,100.0,102.07,41.07,150.94,0,82.09,1.07
2021-05,Components,Connectivity Module,10,87.26,-16.71,66.29,100.0,102.07,40.79,0.0,1,51.2,0.95
2021-05,Industrial Tech,Industrial Scanner,1,103.93,-8.98,62.16,100.0,102.07,41.32,113.21,0,81.7,1.06
2021-05,Industrial Tech,Industrial Scanner,7,118.06,16.2,65.39,100.0,102.07,39.98,113.21,0,86.84,1.04
2021-05,Industrial Tech,Industrial Scanner,9,104.7,-3.13,65.4,100.0,102.07,40.33,0.0,0,58.44,1.12
2021-05,IT Devices,Laptop Pro,2,98.11,-18.03,61.1,100.0,102.07,40.12,37.74,0,65.47,1.02
2021-05,IT Devices,Laptop Pro,10,97.62,-20.19,51.72,100.0,102.07,42.01,113.21,0,81.37,0.95
2021-05,IT Devices,Laptop Standard,4,105.5,-7.63,54.62,100.0,102.07,40.78,150.94,0,84.07,1.01
2021-05,IT Devices,Laptop Standard,6,100.88,3.98,54.19,100.0,102.07,42.19,150.94,0,82.1,1.14
2021-05,IT Devices,Laptop Standard,7,106.5,-1.43,61.87,100.0,102.07,41.84,0.0,0,59.71,1.04
2021-05,Legacy Products,Legacy Workstation,4,85.64,-17.13,52.44,100.0,102.07,40.51,150.94,0,76.64,1.01
2021-05,Legacy Products,Legacy Workstation,9,101.88,-1.69,55.96,100.0,102.07,41.87,75.47,0,76.52,1.12
2021-05,Medical Devices,Medical Sensor,2,99.65,2.31,66.32,100.0,102.07,41.56,113.21,0,79.03,1.02
2021-05,Medical Devices,Medical Sensor,4,82.79,-18.79,52.44,100.0,102.07,40.97,150.94,1,75.43,1.01
2021-05,Medical Devices,Monitoring Device,2,109.6,0.25,48.13,100.0,102.07,41.8,75.47,0,81.34,1.02
2021-05,Medical Devices,Monitoring Device,7,103.34,-10.84,45.55,100.0,102.07,42.81,113.21,0,84.89,1.04
2021-05,Services,Service Contract,7,112.77,26.08,50.87,100.0,102.07,40.07,37.74,0,73.59,1.04
2021-05,Services,Service Contract,8,118.54,19.76,61.66,100.0,102.07,41.9,37.74,0,73.25,1.07
2021-05,IT Devices,Tablet Enterprise,1,111.25,2.49,49.18,100.0,102.07,40.69,264.15,0,87.58,1.06
2021-05,IT Devices,Tablet Enterprise,4,96.12,-0.73,68.19,100.0,102.07,42.75,0.0,0,54.03,1.01
2021-06,Accessories,Accessory Kit,2,96.55,-6.67,69.28,100.0,102.97,40.72,85.11,0,73.85,1.02
2021-06,Accessories,Accessory Kit,4,104.77,6.24,42.84,100.0,102.97,42.74,85.11,0,82.65,1.01
2021-06,Accessories,Accessory Kit,5,93.76,2.9,59.54,100.0,102.97,41.19,42.55,0,65.02,0.97
2021-06,Accessories,Accessory Kit,8,109.77,3.37,62.35,100.0,102.97,42.1,42.55,0,70.66,1.07
2021-06,Industrial Tech,Industrial Scanner,6,100.17,-11.11,59.89,100.0,102.97,41.41,170.21,0,80.68,1.14
2021-06,Industrial Tech,Industrial Scanner,10,97.73,-0.61,50.55,100.0,102.97,41.96,85.11,0,78.25,0.95
2021-06,IT Devices,Laptop Pro,8,118.26,20.43,50.39,100.0,102.97,40.72,127.66,0,90.11,1.07
2021-06,IT Devices,Laptop Standard,1,106.37,12.74,48.21,100.0,102.97,40.46,85.11,0,82.45,1.06
2021-06,IT Devices,Laptop Standard,2,112.23,6.95,54.78,100.0,102.97,40.17,127.66,0,86.82,1.02
2021-06,IT Devices,Laptop Standard,4,107.91,2.28,54.43,100.0,102.97,41.01,127.66,0,85.04,1.01
2021-06,IT Devices,Laptop Standard,9,118.21,10.19,35.8,100.0,102.97,50.3,42.55,0,78.65,1.12
2021-06,IT Devices,Laptop Standard,10,98.5,-11.91,44.58,100.0,102.97,42.75,0.0,0,60.18,0.95
2021-06,Legacy Products,Legacy Workstation,2,87.31,-2.69,59.94,100.0,102.97,41.48,212.77,0,75.52,1.02
2021-06,Legacy Products,Legacy Workstation,4,93.37,9.03,51.86,100.0,102.97,41.29,85.11,0,76.32,1.01
2021-06,Medical Devices,Medical Sensor,6,106.09,0.35,48.7,100.0,102.97,41.75,85.11,0,82.03,1.14
2021-06,Medical Devices,Monitoring Device,3,126.74,22.45,42.75,100.0,102.97,38.98,170.21,0,95.45,1.09
2021-06,Medical Devices,Monitoring Device,4,105.72,4.83,53.71,100.0,102.97,40.32,42.55,0,71.21,1.01
2021-06,Medical Devices,Monitoring Device,6,134.08,26.02,46.98,100.0,102.97,41.88,170.21,1,97.01,1.14
2021-06,Medical Devices,Monitoring Device,10,101.12,2.88,59.37,100.0,102.97,40.1,42.55,0,68.16,0.95
2021-06,IT Devices,Tablet Enterprise,3,104.76,-2.16,62.44,100.0,102.97,43.17,85.11,0,78.27,1.09
2021-06,IT Devices,Tablet Enterprise,8,109.31,3.16,58.13,100.0,102.97,39.19,85.11,0,81.63,1.07
2021-07,Accessories,Accessory Kit,8,89.63,-18.35,60.35,82.0,103.97,39.92,81.63,0,72.36,1.07
2021-07,Accessories,Accessory Kit,9,96.63,-10.89,58.9,82.0,103.97,40.69,40.82,0,65.98,1.12
2021-07,Legacy Products,Legacy Workstation,2,72.76,-16.66,55.54,82.0,103.97,40.5,81.63,0,66.59,1.02
2021-07,Legacy Products,Legacy Workstation,7,86.42,-13.71,47.92,82.0,103.97,38.09,40.82,0,64.7,1.04
2021-07,Medical Devices,Medical Sensor,1,95.5,-16.4,54.21,82.0,103.97,42.24,122.45,0,79.94,1.06
2021-07,Medical Devices,Medical Sensor,5,87.03,-19.25,52.86,82.0,103.97,42.75,40.82,0,63.16,0.97
2021-07,Medical Devices,Monitoring Device,4,95.34,-9.82,59.3,82.0,103.97,39.79,81.63,0,74.9,1.01
2021-07,Medical Devices,Monitoring Device,9,91.28,-11.72,43.61,82.0,103.97,41.77,40.82,0,67.04,1.12
2021-07,Services,Service Contract,2,94.49,-9.67,65.49,82.0,103.97,42.72,122.45,0,76.98,1.02
2021-07,Services,Service Contract,4,90.9,-13.66,75.42,82.0,103.97,41.17,204.08,0,73.59,1.01
2021-07,Services,Service Contract,6,86.53,-17.03,55.45,82.0,103.97,41.23,163.27,0,76.23,1.14
2021-07,Services,Service Contract,9,92.14,-13.79,52.02,82.0,103.97,40.94,40.82,0,65.66,1.12
2021-08,Accessories,Accessory Kit,5,83.18,-2.66,55.49,82.0,103.0,40.84,40.49,0,61.25,0.97
2021-08,Accessories,Accessory Kit,7,91.58,3.9,47.51,82.0,103.0,41.84,0.0,0,56.9,1.04
2021-08,Components,Connectivity Module,4,91.06,-13.53,48.53,82.0,103.0,40.83,80.97,0,75.25,1.01
2021-08,Components,Connectivity Module,6,88.18,-7.65,45.63,82.0,103.0,41.71,242.91,0,78.98,1.14
2021-08,Components,Connectivity Module,8,78.28,-14.27,59.25,82.0,103.0,39.94,80.97,1,67.91,1.07
2021-08,Industrial Tech,Industrial Scanner,6,93.07,0.18,49.57,82.0,103.0,41.49,242.91,0,80.1,1.14
2021-08,IT Devices,Laptop Pro,2,87.45,3.97,60.49,82.0,103.0,40.69,161.94,0,75.57,1.02
2021-08,IT Devices,Laptop Pro,8,91.7,-7.79,53.52,82.0,103.0,42.05,80.97,0,74.22,1.07
2021-08,IT Devices,Laptop Pro,9,83.05,-4.82,57.08,82.0,103.0,39.38,0.0,0,51.76,1.12
2021-08,IT Devices,Laptop Pro,10,85.57,-4.17,58.57,82.0,103.0,42.71,40.49,0,61.25,0.95
2021-08,IT Devices,Laptop Standard,7,87.93,-6.27,69.97,82.0,103.0,40.99,0.0,0,50.63,1.04
2021-08,Legacy Products,Legacy Workstation,3,77.92,-4.24,53.64,82.0,103.0,40.1,80.97,0,68.97,1.09
2021-08,Legacy Products,Legacy Workstation,4,71.79,21.49,55.38,82.0,103.0,41.31,80.97,0,65.96,1.01
2021-08,Legacy Products,Legacy Workstation,9,73.86,-25.81,65.11,82.0,103.0,40.87,40.49,0,55.4,1.12
2021-08,Legacy Products,Legacy Workstation,10,69.08,-6.84,36.58,82.0,103.0,39.8,40.49,0,59.93,0.95
2021-08,Medical Devices,Medical Sensor,1,83.06,-13.03,53.0,82.0,103.0,40.42,121.46,0,75.5,1.06
2021-08,Medical Devices,Medical Sensor,2,85.9,-11.22,51.62,82.0,103.0,39.02,80.97,0,72.77,1.02
2021-08,Medical Devices,Medical Sensor,7,89.47,-4.62,57.93,82.0,103.0,41.55,40.49,0,63.12,1.04
2021-08,Medical Devices,Monitoring Device,10,106.01,18.55,51.78,82.0,103.0,39.94,40.49,0,71.34,0.95
2021-08,Services,Service Contract,5,88.53,11.18,64.35,82.0,103.0,41.5,80.97,0,70.65,0.97
2021-08,IT Devices,Tablet Enterprise,1,95.77,4.44,54.79,82.0,103.0,42.74,202.43,0,79.85,1.06
2021-08,IT Devices,Tablet Enterprise,3,92.4,2.48,60.03,82.0,103.0,39.93,121.46,0,77.76,1.09
2021-08,IT Devices,Tablet Enterprise,7,92.29,-2.41,60.18,82.0,103.0,41.23,80.97,0,73.12,1.04
2021-09,Accessories,Accessory Kit,1,103.73,19.57,51.46,100.0,104.28,41.3,130.43,0,83.98,1.06
2021-09,Accessories,Accessory Kit,5,110.26,32.56,51.47,100.0,104.28,42.48,43.48,0,73.41,0.97
2021-09,Accessories,Accessory Kit,6,108.8,24.06,54.55,100.0,104.28,41.62,130.43,0,85.28,1.14
2021-09,Industrial Tech,Industrial Scanner,2,105.79,17.91,44.65,100.0,104.28,40.17,130.43,0,86.47,1.02
2021-09,Industrial Tech,Industrial Scanner,5,97.27,8.29,47.12,100.0,104.28,42.18,0.0,0,59.21,0.97
2021-09,IT Devices,Laptop Pro,7,105.01,19.03,55.28,100.0,104.28,40.17,43.48,0,70.82,1.04
2021-09,IT Devices,Laptop Pro,10,105.18,22.92,59.22,100.0,104.28,41.17,43.48,0,69.87,0.95
2021-09,Legacy Products,Legacy Workstation,9,80.86,9.48,61.4,100.0,104.28,41.16,173.91,1,72.66,1.12
2021-09,Medical Devices,Medical Sensor,1,107.34,29.23,54.48,100.0,104.28,43.97,217.39,0,84.35,1.06
2021-09,Medical Devices,Medical Sensor,8,107.24,6.15,59.08,100.0,104.28,41.32,43.48,0,70.7,1.07
2021-09,Medical Devices,Monitoring Device,7,112.48,18.91,56.46,100.0,104.28,45.08,0.0,0,62.81,1.04
2021-09,Services,Service Contract,1,102.47,12.39,60.79,100.0,104.28,40.37,43.48,0,68.56,1.06
2021-09,IT Devices,Tablet Enterprise,5,107.5,17.77,56.92,100.0,104.28,39.98,173.91,0,84.48,0.97
2021-09,IT Devices,Tablet Enterprise,8,107.43,26.46,62.51,100.0,104.28,40.88,130.43,0,83.09,1.07
2021-09,IT Devices,Tablet Enterprise,10,110.18,22.85,46.01,100.0,104.28,39.96,0.0,0,64.96,0.95
2021-10,Accessories,Accessory Kit,2,136.33,33.49,60.5,130.0,103.28,40.0,113.21,0,95.22,1.02
2021-10,Accessories,Accessory Kit,10,124.13,15.42,52.1,130.0,103.28,43.57,37.74,0,77.33,0.95
2021-10,Components,Connectivity Module,7,136.06,31.02,44.65,130.0,103.28,40.8,37.74,0,84.16,1.04
2021-10,Industrial Tech,Industrial Scanner,1,130.18,19.48,68.53,130.0,103.28,41.45,188.68,0,90.78,1.06
2021-10,Industrial Tech,Industrial Scanner,6,140.97,24.22,47.12,130.0,103.28,40.23,188.68,0,99.99,1.14
2021-10,Industrial Tech,Industrial Scanner,7,132.68,23.93,51.1,130.0,103.28,39.63,113.21,0,95.89,1.04
2021-10,IT Devices,Laptop Pro,2,150.37,43.5,50.26,130.0,103.28,46.16,75.47,0,96.53,1.02
2021-10,IT Devices,Laptop Standard,8,131.05,21.93,47.2,130.0,103.28,47.42,113.21,0,94.92,1.07
2021-10,Legacy Products,Legacy Workstation,6,97.67,2.45,62.99,130.0,103.28,42.42,150.94,1,78.85,1.14
2021-10,Medical Devices,Medical Sensor,2,139.47,33.85,53.29,130.0,103.28,42.06,113.21,0,97.76,1.02
2021-10,Medical Devices,Monitoring Device,1,166.13,50.0,49.38,130.0,103.28,39.8,75.47,1,100.0,1.06
2021-10,Medical Devices,Monitoring Device,2,139.76,6.09,55.39,130.0,103.28,42.11,75.47,0,91.76,1.02
2021-10,Medical Devices,Monitoring Device,8,139.36,39.35,58.86,130.0,103.28,41.13,75.47,0,90.98,1.07
2021-10,Services,Service Contract,6,153.58,28.29,48.46,130.0,103.28,41.82,150.94,0,100.0,1.14
2021-10,Services,Service Contract,7,138.31,24.4,52.3,130.0,103.28,40.81,113.21,0,97.7,1.04
2021-10,Services,Service Contract,9,152.33,36.72,53.85,130.0,103.28,42.59,37.74,0,88.38,1.12
2021-10,IT Devices,Tablet Enterprise,1,147.17,32.98,48.58,130.0,103.28,40.49,226.42,0,100.0,1.06
2021-10,IT Devices,Tablet Enterprise,2,145.47,33.23,65.59,130.0,103.28,40.45,37.74,0,83.37,1.02
2021-10,IT Devices,Tablet Enterprise,3,137.6,19.82,62.3,130.0,103.28,41.8,37.74,0,80.74,1.09
2021-10,IT Devices,Tablet Enterprise,7,136.39,23.81,60.12,130.0,103.28,40.72,37.74,0,80.9,1.04
2021-11,Components,Connectivity Module,3,157.5,6.66,46.0,130.0,107.16,40.02,79.37,0,100.0,1.09
2021-11,Components,Connectivity Module,9,162.23,3.04,47.7,130.0,107.16,40.37,39.68,0,94.47,1.12
2021-11,Industrial Tech,Industrial Scanner,8,144.31,2.82,50.41,130.0,107.16,41.81,79.37,0,95.62,1.07
2021-11,IT Devices,Laptop Pro,2,139.09,-7.5,43.66,130.0,107.16,41.32,79.37,0,95.09,1.02
2021-11,IT Devices,Laptop Pro,6,168.57,13.48,56.56,130.0,107.16,40.4,300.0,0,100.0,1.14
2021-11,IT Devices,Laptop Pro,7,153.0,18.27,51.98,130.0,107.16,40.19,39.68,0,89.86,1.04
2021-11,IT Devices,Laptop Pro,10,167.2,15.76,57.97,130.0,107.16,39.49,0.0,1,85.2,0.95
2021-11,IT Devices,Laptop Standard,1,132.64,-5.86,54.87,130.0,107.16,39.36,238.1,0,95.08,1.06
2021-11,Legacy Products,Legacy Workstation,2,110.02,-2.97,57.67,130.0,107.16,41.46,198.41,0,85.1,1.02
2021-11,Legacy Products,Legacy Workstation,10,100.45,-6.77,29.08,130.0,107.16,42.63,39.68,0,73.51,0.95
2021-11,Medical Devices,Medical Sensor,2,162.62,16.6,54.85,130.0,107.16,40.89,39.68,0,92.98,1.02
2021-11,Services,Service Contract,5,136.31,-2.15,57.1,130.0,107.16,40.25,158.73,0,95.93,0.97
2021-11,Services,Service Contract,6,160.36,4.41,47.04,130.0,107.16,41.32,79.37,0,100.0,1.14
2021-11,IT Devices,Tablet Enterprise,2,148.26,1.92,66.73,130.0,107.16,41.55,39.68,0,84.52,1.02
2021-11,IT Devices,Tablet Enterprise,6,167.12,16.66,66.39,130.0,107.16,40.98,158.73,0,100.0,1.14
2021-11,IT Devices,Tablet Enterprise,8,147.76,-2.8,61.22,130.0,107.16,41.95,0.0,0,76.34,1.07
2021-12,Accessories,Accessory Kit,5,158.21,18.0,48.68,130.0,106.57,42.03,82.3,1,100.0,0.97
2021-12,Accessories,Accessory Kit,7,139.96,-5.34,56.92,130.0,106.57,41.69,41.15,0,83.67,1.04
2021-12,Accessories,Accessory Kit,9,143.75,-3.56,56.47,130.0,106.57,41.52,41.15,0,85.31,1.12
2021-12,Components,Connectivity Module,1,158.65,-0.46,66.69,130.0,106.57,39.22,205.76,0,100.0,1.06
2021-12,Industrial Tech,Industrial Scanner,5,130.01,-11.54,56.6,130.0,106.57,41.36,123.46,0,93.35,0.97
2021-12,IT Devices,Laptop Pro,2,141.24,1.55,46.3,130.0,106.57,41.04,164.61,0,100.0,1.02
2021-12,IT Devices,Laptop Standard,2,132.49,-8.16,64.37,130.0,106.57,40.46,205.76,0,92.76,1.02
2021-12,IT Devices,Laptop Standard,3,138.19,-9.03,56.42,130.0,106.57,39.94,82.3,0,92.8,1.09
2021-12,Legacy Products,Legacy Workstation,6,120.62,-8.64,59.21,130.0,106.57,42.34,123.46,0,88.87,1.14
2021-12,Legacy Products,Legacy Workstation,9,108.57,-19.6,66.97,130.0,106.57,39.6,0.0,1,59.76,1.12
2021-12,Legacy Products,Legacy Workstation,10,124.77,24.21,30.98,130.0,106.57,42.32,41.15,0,83.21,0.95
2021-12,Medical Devices,Medical Sensor,1,154.86,-7.83,54.08,130.0,106.57,40.97,123.46,0,100.0,1.06
2021-12,Medical Devices,Medical Sensor,7,150.78,-8.9,57.16,130.0,106.57,44.42,0.0,0,78.07,1.04
2021-12,Medical Devices,Medical Sensor,9,149.22,-10.8,52.88,130.0,106.57,41.17,41.15,0,88.34,1.12
2021-12,Medical Devices,Monitoring Device,2,144.9,-6.25,54.74,130.0,106.57,42.54,82.3,0,95.47,1.02
2021-12,Medical Devices,Monitoring Device,9,161.61,-7.76,56.6,130.0,106.57,42.51,82.3,0,100.0,1.12
2021-12,Services,Service Contract,10,135.63,-6.86,58.43,130.0,106.57,43.45,82.3,0,90.81,0.95
2021-12,IT Devices,Tablet Enterprise,3,154.3,-9.26,66.46,130.0,106.57,40.27,164.61,0,100.0,1.09
2021-12,IT Devices,Tablet Enterprise,4,148.98,-2.88,60.84,130.0,106.57,40.72,41.15,0,86.56,1.01
2021-12,IT Devices,Tablet Enterprise,9,180.0,7.35,53.11,130.0,106.57,39.58,82.3,0,100.0,1.12
2022-01,Accessories,Accessory Kit,3,122.96,-23.02,64.4,100.0,103.91,40.97,113.64,0,88.87,1.09
2022-01,Accessories,Accessory Kit,8,120.16,-20.52,59.37,100.0,103.91,40.38,113.64,0,88.94,1.07
2022-01,Components,Connectivity Module,8,125.18,-29.9,64.48,100.0,103.91,41.41,75.76,0,84.1,1.07
2022-01,Industrial Tech,Industrial Scanner,2,106.85,-33.48,40.68,100.0,103.91,41.77,75.76,0,81.95,1.02
2022-01,Industrial Tech,Industrial Scanner,8,103.61,-26.95,52.72,100.0,103.91,40.16,75.76,0,78.25,1.07
2022-01,IT Devices,Laptop Pro,8,106.45,-27.4,40.94,100.0,103.91,41.86,0.0,0,64.29,1.07
2022-01,IT Devices,Laptop Pro,9,131.53,-18.54,49.16,100.0,103.91,42.59,37.88,0,81.12,1.12
2022-01,Legacy Products,Legacy Workstation,7,87.22,-27.45,55.53,100.0,103.91,41.77,75.76,0,70.83,1.04
2022-01,Legacy Products,Legacy Workstation,9,85.17,-21.55,65.0,100.0,103.91,40.38,113.64,0,73.71,1.12
2022-01,Legacy Products,Legacy Workstation,10,67.12,-46.21,33.95,100.0,103.91,55.23,37.88,0,56.81,0.95
2022-01,Medical Devices,Medical Sensor,5,112.41,-24.71,48.48,100.0,103.91,40.15,75.76,0,82.7,0.97
2022-01,Services,Service Contract,1,123.34,-26.89,65.06,100.0,103.91,40.72,151.52,0,88.91,1.06
2022-01,Services,Service Contract,6,126.05,-27.29,50.97,100.0,103.91,42.01,113.64,0,92.9,1.14
2022-01,IT Devices,Tablet Enterprise,9,99.22,-44.88,51.9,100.0,103.91,42.02,75.76,1,76.39,1.12
2022-02,Accessories,Accessory Kit,7,85.09,-20.42,52.58,100.0,104.5,39.39,42.37,1,63.31,1.04
2022-02,Accessories,Accessory Kit,10,86.66,-23.66,48.74,100.0,104.5,42.22,0.0,0,54.61,0.95
2022-02,Components,Connectivity Module,1,122.54,-4.93,64.58,100.0,104.5,42.17,211.86,0,88.48,1.06
2022-02,Components,Connectivity Module,8,133.96,7.01,60.95,100.0,104.5,40.21,84.75,0,90.64,1.07
2022-02,Industrial Tech,Industrial Scanner,4,105.41,-4.66,56.59,100.0,104.5,41.75,169.49,0,83.45,1.01
2022-02,Industrial Tech,Industrial Scanner,6,105.95,-13.46,43.96,100.0,104.5,40.95,211.86,0,86.56,1.14
2022-02,IT Devices,Laptop Pro,2,101.12,-20.38,43.1,100.0,104.5,40.75,42.37,0,71.6,1.02
2022-02,IT Devices,Laptop Pro,7,112.64,8.05,47.94,100.0,104.5,40.98,42.37,0,75.11,1.04
2022-02,IT Devices,Laptop Standard,5,92.65,-13.22,47.19,100.0,104.5,40.82,42.37,0,67.3,0.97
2022-02,IT Devices,Laptop Standard,8,109.37,-3.48,45.69,100.0,104.5,40.64,169.49,0,87.6,1.07
2022-02,IT Devices,Laptop Standard,9,105.05,21.45,56.99,100.0,104.5,40.09,169.49,0,83.47,1.12
2022-02,Legacy Products,Legacy Workstation,3,92.15,29.19,67.6,100.0,104.5,40.96,127.12,0,75.84,1.09
2022-02,Legacy Products,Legacy Workstation,4,115.54,43.37,54.75,100.0,104.5,40.92,127.12,1,88.03,1.01
2022-02,Legacy Products,Legacy Workstation,6,85.89,-13.68,62.7,100.0,104.5,41.16,84.75,0,70.88,1.14
2022-02,Medical Devices,Medical Sensor,3,120.11,-5.57,59.83,100.0,104.5,41.81,84.75,0,85.1,1.09
2022-02,Medical Devices,Medical Sensor,7,107.99,-4.91,55.55,100.0,104.5,40.54,42.37,0,71.64,1.04
2022-02,Medical Devices,Monitoring Device,1,118.24,1.4,58.4,100.0,104.5,44.33,169.49,0,87.8,1.06
2022-02,Medical Devices,Monitoring Device,3,115.6,-7.39,48.86,100.0,104.5,41.14,0.0,0,66.32,1.09
2022-02,Medical Devices,Monitoring Device,8,117.28,5.85,51.61,100.0,104.5,39.59,42.37,0,76.36,1.07
2022-02,Services,Service Contract,6,130.65,3.65,57.54,100.0,104.5,40.72,211.86,0,93.49,1.14
2022-02,IT Devices,Tablet Enterprise,1,112.86,-5.82,58.68,100.0,104.5,39.87,211.86,0,86.25,1.06
2022-03,Accessories,Accessory Kit,1,112.41,-0.37,39.67,100.0,104.74,41.0,300.0,0,90.09,1.06
2022-03,Accessories,Accessory Kit,5,101.53,0.93,47.38,100.0,104.74,40.85,76.34,0,78.62,0.97
2022-03,Components,Connectivity Module,4,116.51,2.52,59.9,100.0,104.74,41.76,76.34,0,81.72,1.01
2022-03,Industrial Tech,Industrial Scanner,5,96.5,-5.33,61.38,100.0,104.74,48.88,76.34,0,72.32,0.97
2022-03,Industrial Tech,Industrial Scanner,6,121.91,15.06,40.73,100.0,104.74,40.87,190.84,0,93.67,1.14
2022-03,Industrial Tech,Industrial Scanner,8,119.97,10.05,59.24,100.0,104.74,41.14,38.17,0,74.56,1.07
2022-03,Industrial Tech,Industrial Scanner,9,125.43,-3.57,58.39,100.0,104.74,40.99,114.5,0,91.18,1.12
2022-03,IT Devices,Laptop Pro,3,114.76,-1.0,37.95,100.0,104.74,41.3,38.17,0,77.14,1.09
2022-03,IT Devices,Laptop Standard,4,95.8,-6.39,55.7,100.0,104.74,41.39,0.0,0,56.86,1.01
2022-03,IT Devices,Laptop Standard,8,107.76,-1.47,42.89,100.0,104.74,39.29,76.34,0,82.33,1.07
2022-03,Legacy Products,Legacy Workstation,1,87.51,12.51,51.02,100.0,104.74,40.46,190.84,0,77.71,1.06
2022-03,Legacy Products,Legacy Workstation,2,70.91,-27.09,53.95,100.0,104.74,41.37,114.5,0,70.29,1.02
2022-03,Legacy Products,Legacy Workstation,9,80.13,-3.43,69.35,100.0,104.74,42.08,38.17,0,56.26,1.12
2022-03,Medical Devices,Medical Sensor,3,130.0,8.23,64.23,100.0,104.74,42.4,0.0,0,68.51,1.09
2022-03,Medical Devices,Monitoring Device,1,116.64,-1.35,55.83,100.0,104.74,39.66,300.0,0,88.43,1.06
2022-03,Medical Devices,Monitoring Device,2,114.06,23.87,54.14,100.0,104.74,40.71,152.67,0,87.61,1.02
2022-03,Medical Devices,Monitoring Device,5,99.97,-6.66,68.92,100.0,104.74,40.06,76.34,0,73.38,0.97
2022-03,Medical Devices,Monitoring Device,8,120.67,2.89,53.24,100.0,104.74,41.83,0.0,0,67.28,1.07
2022-03,Services,Service Contract,9,132.21,-1.14,44.66,100.0,104.74,40.33,38.17,0,82.79,1.12
2022-04,Accessories,Accessory Kit,1,115.59,2.83,40.5,100.0,103.95,40.34,121.95,0,91.28,1.06
2022-04,Accessories,Accessory Kit,3,105.67,-12.16,53.67,100.0,103.95,41.02,121.95,0,84.31,1.09
2022-04,Accessories,Accessory Kit,6,119.53,9.44,57.8,100.0,103.95,41.26,203.25,0,88.91,1.14
2022-04,Accessories,Accessory Kit,10,104.41,12.79,45.97,100.0,103.95,41.18,40.65,0,71.83,0.95
2022-04,Components,Connectivity Module,6,134.36,-2.99,53.77,100.0,103.95,41.3,162.6,0,95.72,1.14
2022-04,Components,Connectivity Module,9,121.31,-11.57,49.1,100.0,103.95,41.33,121.95,0,91.52,1.12
2022-04,Industrial Tech,Industrial Scanner,3,109.73,1.5,65.53,100.0,103.95,41.74,203.25,0,83.21,1.09
2022-04,Industrial Tech,Industrial Scanner,10,103.27,12.04,56.44,100.0,103.95,41.58,0.0,0,59.65,0.95
2022-04,IT Devices,Laptop Pro,6,124.7,-2.1,53.79,100.0,103.95,40.7,300.0,0,91.94,1.14
2022-04,IT Devices,Laptop Standard,7,110.88,4.55,52.66,100.0,103.95,41.35,81.3,0,82.27,1.04
2022-04,Legacy Products,Legacy Workstation,3,75.26,-28.3,53.01,100.0,103.95,41.65,0.0,0,49.19,1.09
2022-04,Legacy Products,Legacy Workstation,8,80.1,-0.05,56.98,100.0,103.95,41.96,121.95,0,73.21,1.07
2022-04,Medical Devices,Medical Sensor,1,120.96,9.0,48.97,100.0,103.95,41.13,203.25,0,91.44,1.06
2022-04,Medical Devices,Medical Sensor,4,112.24,-1.21,59.47,100.0,103.95,39.45,121.95,0,85.89,1.01
2022-04,Medical Devices,Medical Sensor,9,106.58,-18.79,52.46,100.0,103.95,41.3,40.65,1,71.24,1.12
2022-04,Medical Devices,Monitoring Device,2,113.92,-0.12,60.18,100.0,103.95,41.45,162.6,0,86.11,1.02
2022-04,Medical Devices,Monitoring Device,8,116.84,-3.17,54.49,100.0,103.95,41.94,81.3,0,84.16,1.07
2022-04,Services,Service Contract,1,124.71,5.61,71.94,100.0,103.95,40.07,162.6,0,88.05,1.06
2022-04,Services,Service Contract,7,126.95,-6.7,59.93,100.0,103.95,39.84,40.65,0,77.97,1.04
2022-05,Components,Connectivity Module,2,116.75,-10.37,50.03,100.0,105.81,42.08,169.49,0,89.38,1.02
2022-05,IT Devices,Laptop Standard,2,109.0,16.19,61.54,100.0,105.81,40.88,127.12,0,83.93,1.02
2022-05,IT Devices,Laptop Standard,8,103.39,-4.26,44.18,100.0,105.81,41.65,42.37,0,72.13,1.07
2022-05,Legacy Products,Legacy Workstation,2,75.26,-4.65,60.73,100.0,105.81,42.01,296.61,0,70.44,1.02
2022-05,Legacy Products,Legacy Workstation,4,62.6,-15.78,48.33,100.0,105.81,41.65,169.49,0,68.16,1.01
2022-05,Legacy Products,Legacy Workstation,6,86.41,7.61,49.71,100.0,105.81,40.45,127.12,0,77.56,1.14
2022-05,Medical Devices,Medical Sensor,1,114.0,-5.75,48.25,100.0,105.81,41.33,254.24,0,88.79,1.06
2022-05,Medical Devices,Medical Sensor,4,117.86,5.01,55.94,100.0,105.81,42.19,84.75,0,85.0,1.01
2022-05,Medical Devices,Medical Sensor,5,115.64,17.99,46.69,100.0,105.81,40.52,42.37,0,76.65,0.97
2022-05,Medical Devices,Medical Sensor,6,140.99,1.05,63.92,100.0,105.81,41.91,169.49,0,96.05,1.14
2022-05,Medical Devices,Medical Sensor,9,135.38,27.02,59.2,100.0,105.81,41.87,0.0,0,71.85,1.12
2022-05,Medical Devices,Monitoring Device,6,138.84,6.88,48.74,100.0,105.81,41.32,211.86,0,98.62,1.14
2022-05,Medical Devices,Monitoring Device,10,95.4,-14.52,55.21,100.0,105.81,37.93,42.37,0,67.07,0.95
2022-05,Services,Service Contract,1,126.48,1.42,71.15,100.0,105.81,41.02,300.0,0,88.79,1.06
2022-05,Services,Service Contract,2,112.65,-9.84,62.6,100.0,105.81,41.42,127.12,0,85.08,1.02
2022-05,Services,Service Contract,7,119.75,-5.67,58.1,100.0,105.81,41.36,42.37,0,75.66,1.04
2022-06,Accessories,Accessory Kit,1,104.69,-2.77,44.3,100.0,102.96,41.53,195.31,0,85.9,1.06
2022-06,Accessories,Accessory Kit,8,106.76,-5.35,43.37,100.0,102.96,41.8,156.25,0,86.89,1.07
2022-06,Components,Connectivity Module,7,131.21,15.6,44.38,100.0,102.96,41.24,0.0,0,73.54,1.04
2022-06,Industrial Tech,Industrial Scanner,4,100.91,-11.19,50.23,100.0,102.96,39.62,78.12,0,78.34,1.01
2022-06,IT Devices,Laptop Pro,1,120.9,-2.11,55.92,100.0,102.96,40.89,234.38,0,89.93,1.06
2022-06,IT Devices,Laptop Pro,6,105.85,-14.9,64.05,100.0,102.96,46.09,78.12,1,76.3,1.14
2022-06,IT Devices,Laptop Pro,10,104.57,2.44,55.94,100.0,102.96,42.0,117.19,0,83.22,0.95
2022-06,IT Devices,Laptop Standard,1,109.28,0.04,53.54,100.0,102.96,42.15,156.25,0,85.61,1.06
2022-06,Legacy Products,Legacy Workstation,2,64.43,-14.39,62.45,100.0,102.96,39.89,39.06,0,52.03,1.02
2022-06,Medical Devices,Medical Sensor,1,121.86,6.89,48.79,100.0,102.96,40.45,156.25,0,91.94,1.06
2022-06,Medical Devices,Medical Sensor,3,135.38,11.41,60.98,100.0,102.96,40.88,0.0,0,71.61,1.09
2022-06,Medical Devices,Medical Sensor,6,135.55,-3.86,68.49,100.0,102.96,41.28,39.06,0,78.94,1.14
2022-06,IT Devices,Tablet Enterprise,1,116.93,-6.61,60.12,100.0,102.96,40.21,156.25,0,87.51,1.06
2022-06,IT Devices,Tablet Enterprise,4,120.06,6.43,46.92,100.0,102.96,41.57,78.12,0,86.43,1.01
2022-06,IT Devices,Tablet Enterprise,6,135.51,-2.23,62.7,100.0,102.96,39.12,300.0,0,94.54,1.14
2022-06,IT Devices,Tablet Enterprise,7,116.19,2.92,44.9,100.0,102.96,39.64,39.06,0,76.64,1.04
2022-07,Accessories,Accessory Kit,4,94.91,-10.0,51.09,82.0,103.32,48.81,70.67,0,72.66,1.01
2022-07,Components,Connectivity Module,8,119.13,-11.98,60.79,82.0,103.32,41.75,106.01,0,88.02,1.07
2022-07,Components,Connectivity Module,10,93.89,-17.05,49.98,82.0,103.32,41.53,35.34,0,65.46,0.95
2022-07,IT Devices,Laptop Pro,6,114.82,8.47,69.86,82.0,103.32,42.05,70.67,0,77.5,1.14
2022-07,IT Devices,Laptop Pro,10,77.08,-26.29,51.76,82.0,103.32,41.52,35.34,0,58.35,0.95
2022-07,IT Devices,Laptop Standard,4,91.63,-4.23,55.62,82.0,103.32,40.59,141.34,0,78.33,1.01
2022-07,IT Devices,Laptop Standard,6,104.03,-14.7,57.68,82.0,103.32,39.74,35.34,0,68.09,1.14
2022-07,Legacy Products,Legacy Workstation,1,78.09,11.65,50.87,82.0,103.32,40.53,176.68,1,73.97,1.06
2022-07,Legacy Products,Legacy Workstation,4,74.04,6.56,54.34,82.0,103.32,42.94,141.34,0,71.22,1.01
2022-07,Medical Devices,Medical Sensor,1,107.02,-12.18,52.3,82.0,103.32,41.17,141.34,0,85.12,1.06
2022-07,Medical Devices,Monitoring Device,5,86.76,-17.69,52.42,82.0,103.32,41.31,141.34,0,76.98,0.97
2022-07,Medical Devices,Monitoring Device,9,103.86,-19.64,57.14,82.0,103.32,41.54,70.67,0,76.0,1.12
2022-07,Medical Devices,Monitoring Device,10,77.61,-19.79,61.39,82.0,103.32,43.04,0.0,0,48.08,0.95
2022-07,Services,Service Contract,2,97.89,-18.67,51.13,82.0,103.32,41.88,70.67,0,74.88,1.02
2022-07,Services,Service Contract,6,117.96,-13.6,61.58,82.0,103.32,41.13,247.35,0,87.46,1.14
2022-07,IT Devices,Tablet Enterprise,5,96.43,-8.08,54.63,82.0,103.32,41.22,141.34,0,80.37,0.97
2022-08,Accessories,Accessory Kit,2,89.06,-3.48,60.17,82.0,103.9,40.74,85.84,0,73.02,1.02
2022-08,Accessories,Accessory Kit,4,88.33,-6.93,53.31,82.0,103.9,41.19,128.76,0,77.42,1.01
2022-08,Accessories,Accessory Kit,5,78.89,-21.75,62.13,82.0,103.9,40.28,128.76,0,71.85,0.97
2022-08,Accessories,Accessory Kit,6,105.04,3.57,57.68,82.0,103.9,40.83,214.59,0,83.2,1.14
2022-08,Accessories,Accessory Kit,8,93.96,-12.62,55.51,82.0,103.9,41.74,42.92,0,65.98,1.07
2022-08,Components,Connectivity Module,8,115.69,-2.89,62.69,82.0,103.9,40.71,0.0,0,63.38,1.07
2022-08,Industrial Tech,Industrial Scanner,1,96.14,-2.32,51.58,82.0,103.9,41.11,300.0,0,80.94,1.06
2022-08,Industrial Tech,Industrial Scanner,9,91.92,-9.09,50.43,82.0,103.9,39.77,0.0,0,56.71,1.12
2022-08,IT Devices,Laptop Pro,2,90.98,-2.13,53.34,82.0,103.9,47.91,128.76,0,77.47,1.02
2022-08,IT Devices,Laptop Standard,9,95.13,-4.57,58.6,82.0,103.9,41.11,0.0,0,55.99,1.12
2022-08,Legacy Products,Legacy Workstation,7,54.21,-12.93,52.0,82.0,103.9,39.96,0.0,0,41.25,1.04
2022-08,Legacy Products,Legacy Workstation,10,60.12,16.9,56.81,82.0,103.9,43.99,42.92,0,51.82,0.95
2022-08,Medical Devices,Medical Sensor,4,103.27,15.4,55.54,82.0,103.9,41.05,85.84,0,79.68,1.01
2022-08,Medical Devices,Medical Sensor,5,94.78,-3.04,52.57,82.0,103.9,50.98,128.76,0,78.7,0.97
2022-08,Medical Devices,Medical Sensor,10,98.03,9.91,58.2,82.0,103.9,40.12,128.76,0,80.39,0.95
2022-08,Services,Service Contract,2,101.95,4.15,50.47,82.0,103.9,40.56,0.0,0,60.59,1.02
2022-08,Services,Service Contract,3,90.89,-20.79,46.63,82.0,103.9,39.87,171.67,1,80.12,1.09
2022-08,Services,Service Contract,5,114.29,29.62,52.0,82.0,103.9,40.9,214.59,0,88.14,0.97
2022-08,Services,Service Contract,8,107.98,8.53,43.7,82.0,103.9,40.58,42.92,0,74.36,1.07
2022-08,IT Devices,Tablet Enterprise,10,74.7,-7.29,57.85,82.0,103.9,43.7,42.92,0,57.47,0.95
2022-09,Accessories,Accessory Kit,2,107.99,21.26,59.32,100.0,101.73,40.5,38.61,0,69.95,1.02
2022-09,Accessories,Accessory Kit,7,100.04,9.67,50.64,100.0,101.73,41.2,38.61,0,68.58,1.04
2022-09,Components,Connectivity Module,4,120.38,12.5,62.16,100.0,101.73,40.58,77.22,0,83.15,1.01
2022-09,Industrial Tech,Industrial Scanner,4,101.02,10.55,56.73,100.0,101.73,42.76,38.61,0,67.4,1.01
2022-09,Industrial Tech,Industrial Scanner,7,104.88,15.98,43.82,100.0,101.73,41.82,38.61,0,71.92,1.04
2022-09,Industrial Tech,Industrial Scanner,9,96.49,4.97,50.69,100.0,101.73,43.27,38.61,1,66.83,1.12
2022-09,Industrial Tech,Industrial Scanner,10,101.06,16.76,58.95,100.0,101.73,39.16,0.0,0,58.58,0.95
2022-09,IT Devices,Laptop Pro,1,115.27,16.05,56.4,100.0,101.73,41.48,193.05,0,87.48,1.06
2022-09,IT Devices,Laptop Pro,8,117.89,19.19,46.24,100.0,101.73,40.44,193.05,0,90.92,1.07
2022-09,IT Devices,Laptop Standard,1,105.61,7.85,47.04,100.0,101.73,41.39,77.22,0,80.45,1.06
2022-09,IT Devices,Laptop Standard,4,99.76,18.05,57.73,100.0,101.73,43.18,193.05,0,80.73,1.01
2022-09,IT Devices,Laptop Standard,9,110.02,15.65,63.32,100.0,101.73,39.91,38.61,0,69.97,1.12
2022-09,Legacy Products,Legacy Workstation,6,77.45,18.88,60.99,100.0,101.73,39.68,77.22,0,66.37,1.14
2022-09,Legacy Products,Legacy Workstation,10,57.22,-4.82,54.81,100.0,101.73,41.19,0.0,0,41.65,0.95
2022-09,Medical Devices,Medical Sensor,2,114.14,12.63,52.21,100.0,101.73,42.84,270.27,0,87.74,1.02
2022-09,Medical Devices,Medical Sensor,3,126.22,18.14,53.99,100.0,101.73,40.76,154.44,0,92.5,1.09
2022-09,Services,Service Contract,4,125.18,35.43,48.2,100.0,101.73,41.25,77.22,0,88.04,1.01
2022-09,Services,Service Contract,5,110.95,-2.92,45.88,100.0,101.73,40.33,115.83,0,88.24,0.97
2022-09,IT Devices,Tablet Enterprise,2,123.59,28.05,54.84,100.0,101.73,40.0,193.05,0,91.37,1.02
2022-09,IT Devices,Tablet Enterprise,7,115.27,21.64,49.86,100.0,101.73,40.62,38.61,0,74.93,1.04
2022-10,Accessories,Accessory Kit,7,143.63,43.57,48.06,130.0,101.46,42.56,118.58,0,100.0,1.04
2022-10,Accessories,Accessory Kit,9,155.98,27.74,57.88,130.0,101.46,40.54,158.1,0,100.0,1.12
2022-10,Accessories,Accessory Kit,10,140.25,50.0,61.05,130.0,101.46,42.16,39.53,0,82.44,0.95
2022-10,Components,Connectivity Module,2,158.22,29.85,45.7,130.0,101.46,40.98,79.05,0,100.0,1.02
2022-10,Components,Connectivity Module,9,180.0,22.72,59.75,130.0,101.46,40.2,39.53,0,98.92,1.12
2022-10,Components,Connectivity Module,10,139.8,11.87,56.75,130.0,101.46,39.52,39.53,0,83.6,0.95
2022-10,Industrial Tech,Industrial Scanner,1,146.96,22.29,50.81,130.0,101.46,40.95,39.53,0,87.55,1.06
2022-10,IT Devices,Laptop Pro,2,144.08,21.36,57.34,130.0,101.46,41.77,158.1,0,98.75,1.02
2022-10,IT Devices,Laptop Pro,3,169.13,22.03,46.23,130.0,101.46,39.93,79.05,0,100.0,1.09
2022-10,IT Devices,Laptop Pro,7,142.16,26.6,58.06,130.0,101.46,41.28,0.0,0,74.9,1.04
2022-10,IT Devices,Laptop Standard,6,146.79,19.44,63.84,130.0,101.46,41.0,158.1,0,98.52,1.14
2022-10,IT Devices,Laptop Standard,8,133.31,17.9,37.85,130.0,101.46,41.57,0.0,0,75.76,1.07
2022-10,Legacy Products,Legacy Workstation,8,98.23,30.54,52.46,130.0,101.46,40.28,118.58,0,81.71,1.07
2022-10,Medical Devices,Medical Sensor,9,179.21,35.73,51.06,130.0,101.46,40.71,79.05,0,100.0,1.12
2022-10,Medical Devices,Monitoring Device,7,149.94,29.25,48.31,130.0,101.46,42.97,39.53,0,88.99,1.04
2022-10,Services,Service Contract,7,159.93,30.53,50.79,130.0,101.46,40.98,39.53,0,92.74,1.04
2022-10,IT Devices,Tablet Enterprise,10,138.46,16.01,57.48,130.0,101.46,40.5,79.05,0,91.84,0.95
2022-11,Components,Connectivity Module,1,175.03,4.23,51.9,130.0,102.74,40.5,231.66,0,100.0,1.06
2022-11,Components,Connectivity Module,3,180.0,0.0,53.69,130.0,102.74,41.59,231.66,0,100.0,1.09
2022-11,Components,Connectivity Module,8,180.0,0.0,63.59,130.0,102.74,41.95,77.22,0,100.0,1.07
2022-11,IT Devices,Laptop Pro,4,137.77,-20.11,74.29,130.0,102.74,39.86,154.44,0,92.78,1.01
2022-11,IT Devices,Laptop Standard,4,119.95,1.96,59.52,130.0,102.74,41.89,0.0,0,65.6,1.01
2022-11,IT Devices,Laptop Standard,5,117.68,6.84,64.89,130.0,102.74,40.45,154.44,0,86.73,0.97
2022-11,IT Devices,Laptop Standard,9,158.18,8.83,63.78,130.0,102.74,41.65,154.44,0,100.0,1.12
2022-11,Legacy Products,Legacy Workstation,2,82.39,-3.01,59.37,130.0,102.74,39.75,77.22,0,68.69,1.02
2022-11,Legacy Products,Legacy Workstation,7,87.24,7.03,49.26,130.0,102.74,40.7,38.61,0,63.84,1.04
2022-11,Medical Devices,Medical Sensor,3,158.14,-4.4,56.14,130.0,102.74,41.45,38.61,1,90.57,1.09
2022-11,Medical Devices,Medical Sensor,5,147.4,-0.11,61.17,130.0,102.74,41.73,0.0,0,76.24,0.97
2022-11,Medical Devices,Medical Sensor,9,180.0,0.44,52.52,130.0,102.74,41.7,154.44,0,100.0,1.12
2022-11,Medical Devices,Monitoring Device,1,153.94,21.69,42.73,130.0,102.74,40.87,300.0,0,100.0,1.06
2022-11,Medical Devices,Monitoring Device,4,137.34,-0.4,49.36,130.0,102.74,40.42,193.05,0,98.01,1.01
2022-11,Medical Devices,Monitoring Device,10,128.47,-13.01,50.39,130.0,102.74,41.59,77.22,0,88.82,0.95
2022-11,Services,Service Contract,3,180.0,6.61,39.94,130.0,102.74,41.01,38.61,0,100.0,1.09
2022-11,Services,Service Contract,8,178.87,-0.63,51.03,130.0,102.74,42.67,0.0,0,90.92,1.07
2022-11,Services,Service Contract,9,180.0,0.0,50.03,130.0,102.74,40.27,0.0,0,91.95,1.12
2022-11,IT Devices,Tablet Enterprise,3,180.0,3.15,60.52,130.0,102.74,41.03,0.0,0,89.53,1.09
2022-11,IT Devices,Tablet Enterprise,7,163.63,4.68,42.13,130.0,102.74,40.75,0.0,0,87.07,1.04
2022-12,Accessories,Accessory Kit,1,144.98,2.19,62.95,130.0,100.83,40.98,210.97,0,98.0,1.06
2022-12,Accessories,Accessory Kit,5,125.79,-3.89,59.89,130.0,100.83,40.06,42.19,0,77.84,0.97
2022-12,Accessories,Accessory Kit,6,170.13,0.29,55.6,130.0,100.83,41.36,84.39,0,100.0,1.14
2022-12,Components,Connectivity Module,2,172.8,3.91,49.43,130.0,100.83,40.92,168.78,0,100.0,1.02
2022-12,Components,Connectivity Module,9,180.0,0.0,43.82,130.0,100.83,40.31,84.39,0,100.0,1.12
2022-12,Industrial Tech,Industrial Scanner,1,156.58,4.16,52.47,130.0,100.83,41.05,210.97,0,100.0,1.06
2022-12,IT Devices,Laptop Pro,2,142.3,-2.15,53.83,130.0,100.83,39.93,126.58,0,99.09,1.02
2022-12,IT Devices,Laptop Pro,9,179.02,7.26,68.41,130.0,100.83,40.06,0.0,0,87.55,1.12
2022-12,IT Devices,Laptop Standard,5,121.75,3.46,68.37,130.0,100.83,40.53,84.39,0,83.99,0.97
2022-12,Legacy Products,Legacy Workstation,3,99.5,8.62,51.48,130.0,100.83,41.71,42.19,0,68.92,1.09
2022-12,Legacy Products,Legacy Workstation,5,74.25,-5.06,60.9,130.0,100.83,48.4,0.0,0,46.04,0.97
2022-12,Legacy Products,Legacy Workstation,8,91.06,-10.4,60.48,130.0,100.83,40.98,42.19,0,63.67,1.07
2022-12,Medical Devices,Medical Sensor,9,180.0,0.0,55.23,130.0,100.83,40.38,126.58,0,100.0,1.12
2022-12,Medical Devices,Monitoring Device,8,157.43,-12.54,65.71,130.0,100.83,40.97,0.0,0,79.37,1.07
2022-12,Services,Service Contract,2,158.15,-8.46,50.7,130.0,100.83,40.82,42.19,0,92.69,1.02
2022-12,Services,Service Contract,9,180.0,0.0,47.57,130.0,100.83,41.83,84.39,0,100.0,1.12
2022-12,IT Devices,Tablet Enterprise,4,149.48,2.4,60.53,130.0,100.83,45.55,253.16,0,99.64,1.01
2022-12,IT Devices,Tablet Enterprise,5,141.29,-3.11,53.07,130.0,100.83,41.39,42.19,0,85.34,0.97
2022-12,IT Devices,Tablet Enterprise,9,180.0,0.0,64.78,130.0,100.83,40.4,168.78,0,100.0,1.12
2023-01,Accessories,Accessory Kit,2,107.69,-22.69,47.43,100.0,103.04,39.45,76.05,0,81.22,1.02
2023-01,Accessories,Accessory Kit,3,128.19,-22.04,45.16,100.0,103.04,40.63,190.11,0,95.25,1.09
2023-01,Accessories,Accessory Kit,6,140.95,-17.15,56.03,100.0,103.04,41.77,152.09,0,97.79,1.14
2023-01,Components,Connectivity Module,1,152.55,-13.13,44.63,100.0,103.04,39.27,190.11,0,100.0,1.06
2023-01,Components,Connectivity Module,8,148.13,-17.04,50.8,100.0,103.04,52.54,76.05,0,94.68,1.07
2023-01,Industrial Tech,Industrial Scanner,3,130.69,-7.13,58.14,100.0,103.04,46.32,0.0,0,69.54,1.09
2023-01,IT Devices,Laptop Pro,6,146.38,-16.35,53.24,100.0,103.04,40.87,38.02,0,86.45,1.14
2023-01,IT Devices,Laptop Pro,8,147.63,-13.11,48.96,100.0,103.04,39.29,76.05,0,96.88,1.07
2023-01,IT Devices,Laptop Standard,7,111.26,-9.3,63.91,100.0,103.04,40.46,0.0,0,61.37,1.04
2023-01,Legacy Products,Legacy Workstation,4,57.22,-34.04,60.02,100.0,103.04,42.27,76.05,0,57.83,1.01
2023-01,Legacy Products,Legacy Workstation,5,70.63,-4.88,54.24,100.0,103.04,42.18,152.09,0,69.99,0.97
2023-01,Medical Devices,Medical Sensor,1,138.97,-21.0,57.7,100.0,103.04,43.11,300.0,0,96.43,1.06
2023-01,Medical Devices,Monitoring Device,2,113.58,-18.8,63.06,100.0,103.04,39.94,152.09,0,85.57,1.02
2023-01,Services,Service Contract,1,136.19,-19.25,62.39,100.0,103.04,40.86,190.11,0,94.62,1.06
2023-01,Services,Service Contract,10,109.58,-24.87,55.93,100.0,103.04,42.01,76.05,0,79.72,0.95
2023-01,IT Devices,Tablet Enterprise,3,131.74,-19.93,55.57,100.0,103.04,40.59,114.07,1,94.38,1.09
2023-02,Accessories,Accessory Kit,6,122.14,-13.35,55.48,100.0,100.1,41.43,230.41,0,90.44,1.14
2023-02,Accessories,Accessory Kit,8,121.74,4.45,55.08,100.0,100.1,41.17,46.08,0,78.0,1.07
2023-02,Accessories,Accessory Kit,9,134.42,-0.78,60.45,100.0,100.1,42.2,138.25,0,94.14,1.12
2023-02,Accessories,Accessory Kit,10,87.38,-16.65,58.71,100.0,100.1,40.34,46.08,0,63.58,0.95
2023-02,Components,Connectivity Module,1,137.95,-9.57,51.26,100.0,100.1,41.48,230.41,0,97.68,1.06
2023-02,Components,Connectivity Module,4,129.17,-5.91,65.58,100.0,100.1,40.43,46.08,0,78.77,1.01
2023-02,Components,Connectivity Module,5,120.99,-0.75,58.22,100.0,100.1,41.33,46.08,0,76.99,0.97
2023-02,Industrial Tech,Industrial Scanner,1,121.46,-4.22,59.77,100.0,100.1,40.69,184.33,0,89.33,1.06
2023-02,IT Devices,Laptop Pro,3,125.2,-4.6,53.68,100.0,100.1,40.96,92.17,0,90.32,1.09
2023-02,IT Devices,Laptop Pro,8,122.2,-17.23,51.95,100.0,100.1,41.75,46.08,0,78.79,1.07
2023-02,IT Devices,Laptop Standard,8,103.29,-12.7,46.44,100.0,100.1,41.14,92.17,0,83.13,1.07
2023-02,Medical Devices,Medical Sensor,3,139.69,3.08,54.98,100.0,100.1,40.27,46.08,0,85.34,1.09
2023-02,Medical Devices,Medical Sensor,4,131.08,4.4,60.28,100.0,100.1,40.88,92.17,0,91.24,1.01
2023-02,Medical Devices,Medical Sensor,7,126.37,1.01,51.72,100.0,100.1,42.78,92.17,0,90.95,1.04
2023-02,Medical Devices,Monitoring Device,4,116.5,2.33,51.95,100.0,100.1,42.44,138.25,0,88.8,1.01
2023-02,Medical Devices,Monitoring Device,7,111.97,-8.37,54.73,100.0,100.1,42.21,92.17,0,84.62,1.04
2023-02,Services,Service Contract,3,134.66,-8.31,45.78,100.0,100.1,42.16,92.17,0,95.67,1.09
2023-02,IT Devices,Tablet Enterprise,1,134.99,-0.33,55.9,100.0,100.1,39.69,0.0,0,72.74,1.06
2023-02,IT Devices,Tablet Enterprise,3,142.87,8.45,60.58,100.0,100.1,41.64,92.17,0,95.77,1.09
2023-02,IT Devices,Tablet Enterprise,4,111.02,-14.21,58.38,100.0,100.1,40.65,46.08,0,73.07,1.01
2023-03,Accessories,Accessory Kit,9,119.33,-11.23,61.03,100.0,100.98,41.11,80.0,0,83.54,1.12
2023-03,Components,Connectivity Module,1,146.59,6.26,49.79,100.0,100.98,41.66,0.0,0,78.43,1.06
2023-03,Components,Connectivity Module,3,141.69,-4.94,46.51,100.0,100.98,40.59,40.0,0,86.55,1.09
2023-03,Components,Connectivity Module,6,162.44,-0.18,47.9,100.0,100.98,41.43,160.0,0,100.0,1.14
2023-03,Components,Connectivity Module,8,145.07,5.27,58.66,100.0,100.98,42.45,0.0,0,75.76,1.07
2023-03,Industrial Tech,Industrial Scanner,4,101.18,1.89,56.76,100.0,100.98,40.96,80.0,0,77.24,1.01
2023-03,Industrial Tech,Industrial Scanner,7,109.8,-1.08,59.0,100.0,100.98,40.35,160.0,0,84.89,1.04
2023-03,Industrial Tech,Industrial Scanner,9,119.98,-0.4,45.96,100.0,100.98,39.77,240.0,0,91.91,1.12
2023-03,IT Devices,Laptop Pro,9,135.64,2.05,70.79,100.0,100.98,40.69,40.0,0,78.78,1.12
2023-03,Legacy Products,Legacy Workstation,1,61.57,-6.16,64.28,100.0,100.98,41.13,160.0,0,64.32,1.06
2023-03,Medical Devices,Medical Sensor,8,138.08,4.56,54.17,100.0,100.98,41.41,120.0,0,97.1,1.07
2023-03,Medical Devices,Monitoring Device,5,100.32,5.68,48.44,100.0,100.98,39.3,160.0,0,83.58,0.97
2023-03,Medical Devices,Monitoring Device,6,136.35,1.86,74.12,100.0,100.98,40.08,240.0,0,92.22,1.14
2023-03,Medical Devices,Monitoring Device,9,130.04,-4.46,62.2,100.0,100.98,41.45,80.0,0,87.51,1.12
2023-03,Services,Service Contract,2,122.0,-1.45,54.73,100.0,100.98,40.34,200.0,0,90.71,1.02
2023-03,Services,Service Contract,4,126.35,5.49,61.85,100.0,100.98,41.52,120.0,0,90.71,1.01
2023-03,Services,Service Contract,8,143.31,6.44,50.75,100.0,100.98,40.99,40.0,0,86.21,1.07
2023-03,IT Devices,Tablet Enterprise,7,146.19,5.4,45.0,100.0,100.98,39.98,0.0,0,79.58,1.04
2023-04,Accessories,Accessory Kit,8,110.51,-4.0,52.11,100.0,99.18,40.59,0.0,0,63.65,1.07
2023-04,Components,Connectivity Module,3,153.64,8.43,51.81,100.0,99.18,47.1,150.94,0,100.0,1.09
2023-04,Components,Connectivity Module,4,122.21,-9.94,61.59,100.0,99.18,40.77,113.21,0,89.22,1.01
2023-04,Components,Connectivity Module,8,144.46,-0.42,61.84,100.0,99.18,39.63,37.74,0,83.91,1.07
2023-04,Industrial Tech,Industrial Scanner,4,113.66,12.33,49.79,100.0,99.18,41.7,150.94,0,88.26,1.01
2023-04,Industrial Tech,Industrial Scanner,8,95.93,-16.43,69.2,100.0,99.18,41.38,113.21,1,76.94,1.07
2023-04,IT Devices,Laptop Pro,6,143.87,5.69,59.36,100.0,99.18,41.02,150.94,0,98.34,1.14
2023-04,IT Devices,Laptop Pro,7,108.11,-13.16,46.68,100.0,99.18,39.75,75.47,0,81.37,1.04
2023-04,Medical Devices,Medical Sensor,5,111.02,6.68,56.58,100.0,99.18,39.06,0.0,0,63.1,0.97
2023-04,IT Devices,Tablet Enterprise,1,137.37,7.45,39.13,100.0,99.18,41.46,150.94,0,100.0,1.06
2023-04,IT Devices,Tablet Enterprise,7,119.87,-18.0,45.44,100.0,99.18,41.08,75.47,0,86.15,1.04
2023-05,Accessories,Accessory Kit,2,106.75,2.52,43.52,100.0,100.89,41.67,40.0,0,73.07,1.02
2023-05,Accessories,Accessory Kit,4,103.19,6.32,46.73,100.0,100.89,40.56,120.0,0,84.91,1.01
2023-05,Components,Connectivity Module,3,155.15,0.98,48.26,100.0,100.89,39.32,80.0,0,100.0,1.09
2023-05,Components,Connectivity Module,4,145.37,18.95,52.92,100.0,100.89,40.44,80.0,0,95.84,1.01
2023-05,Components,Connectivity Module,9,172.21,2.56,46.32,100.0,100.89,41.93,80.0,0,100.0,1.12
2023-05,Components,Connectivity Module,10,110.06,-4.15,56.97,100.0,100.89,39.65,40.0,0,71.74,0.95
2023-05,Industrial Tech,Industrial Scanner,5,96.37,6.27,71.51,100.0,100.89,42.5,80.0,0,71.84,0.97
2023-05,IT Devices,Laptop Pro,4,114.94,0.84,63.33,100.0,100.89,41.05,160.0,0,85.89,1.01
2023-05,IT Devices,Laptop Standard,2,107.05,12.89,52.36,100.0,100.89,41.37,80.0,0,80.49,1.02
2023-05,IT Devices,Laptop Standard,3,119.06,-1.97,58.13,100.0,100.89,40.34,80.0,0,84.19,1.09
2023-05,IT Devices,Laptop Standard,7,99.75,-9.37,55.03,100.0,100.89,41.56,40.0,0,67.76,1.04
2023-05,IT Devices,Laptop Standard,10,82.84,7.57,48.77,100.0,100.89,41.5,80.0,0,71.58,0.95
2023-05,Legacy Products,Legacy Workstation,5,51.88,-26.39,61.68,100.0,100.89,39.39,160.0,0,61.28,0.97
2023-05,Medical Devices,Monitoring Device,2,110.45,-8.42,58.52,100.0,100.89,41.36,80.0,0,80.5,1.02
2023-05,Medical Devices,Monitoring Device,9,144.02,6.97,69.84,100.0,100.89,41.72,40.0,0,82.18,1.12
2023-05,Services,Service Contract,1,146.04,7.68,62.53,100.0,100.89,41.35,160.0,0,98.46,1.06
2023-05,IT Devices,Tablet Enterprise,10,110.08,5.79,48.41,100.0,100.89,40.01,80.0,0,82.78,0.95
2023-06,Accessories,Accessory Kit,1,108.74,-6.54,52.16,100.0,101.46,41.33,300.0,0,85.82,1.06
2023-06,Accessories,Accessory Kit,3,120.4,-1.85,44.64,100.0,101.46,39.97,90.5,0,90.16,1.09
2023-06,Components,Connectivity Module,8,160.99,14.83,63.41,100.0,101.46,41.44,90.5,0,100.0,1.07
2023-06,Industrial Tech,Industrial Scanner,10,93.99,5.63,68.13,100.0,101.46,37.96,45.25,0,64.32,0.95
2023-06,IT Devices,Laptop Standard,3,119.79,0.61,54.22,100.0,101.46,41.77,90.5,0,87.54,1.09
2023-06,Legacy Products,Legacy Workstation,3,69.43,-22.68,62.55,100.0,101.46,41.86,135.75,0,67.73,1.09
2023-06,Legacy Products,Legacy Workstation,4,61.09,19.95,63.66,100.0,101.46,41.7,271.49,0,64.17,1.01
2023-06,Legacy Products,Legacy Workstation,9,74.07,2.87,55.61,100.0,101.46,41.0,0.0,0,48.25,1.12
2023-06,Medical Devices,Medical Sensor,5,109.27,5.01,58.4,100.0,101.46,40.89,181.0,0,84.73,0.97
2023-06,Medical Devices,Medical Sensor,6,170.13,7.49,58.06,100.0,101.46,41.07,135.75,0,100.0,1.14
2023-06,Medical Devices,Monitoring Device,7,120.42,8.4,58.36,100.0,101.46,41.76,90.5,0,86.88,1.04
2023-07,Accessories,Accessory Kit,2,84.02,-24.94,53.26,82.0,100.01,40.3,136.99,0,75.85,1.02
2023-07,Components,Connectivity Module,4,113.81,-13.12,54.55,82.0,100.01,41.7,68.49,0,80.02,1.01
2023-07,Components,Connectivity Module,10,97.18,-14.78,52.2,82.0,100.01,41.08,102.74,1,81.23,0.95
2023-07,Industrial Tech,Industrial Scanner,3,108.07,-8.84,55.45,82.0,100.01,41.82,68.49,0,77.51,1.09
2023-07,IT Devices,Laptop Pro,10,81.31,-26.76,51.87,82.0,100.01,39.95,0.0,0,52.12,0.95
2023-07,IT Devices,Laptop Standard,5,75.76,-11.5,63.53,82.0,100.01,42.5,102.74,0,69.95,0.97
2023-07,Legacy Products,Legacy Workstation,2,42.0,-28.66,57.7,82.0,100.01,39.8,205.48,0,58.14,1.02
2023-07,Medical Devices,Medical Sensor,1,94.74,-24.55,60.71,82.0,100.01,40.69,300.0,1,78.43,1.06
2023-07,Services,Service Contract,3,130.59,-13.63,42.82,82.0,100.01,41.16,34.25,0,81.52,1.09
2023-07,Services,Service Contract,10,93.93,-2.55,51.3,82.0,100.01,38.87,34.25,0,65.33,0.95
2023-07,IT Devices,Tablet Enterprise,5,97.85,-7.92,69.06,82.0,100.01,41.59,102.74,0,77.71,0.97
2023-07,IT Devices,Tablet Enterprise,7,108.13,-20.75,49.32,82.0,100.01,40.48,0.0,0,63.33,1.04
2023-08,Accessories,Accessory Kit,1,94.32,-2.67,56.75,82.0,99.38,40.69,128.21,0,79.14,1.06
2023-08,Accessories,Accessory Kit,3,104.0,6.32,52.27,82.0,99.38,41.36,0.0,0,60.9,1.09
2023-08,Components,Connectivity Module,2,110.63,-2.61,51.44,82.0,99.38,41.83,42.74,0,73.49,1.02
2023-08,Components,Connectivity Module,3,137.88,-0.78,51.13,82.0,99.38,42.67,0.0,0,74.5,1.09
2023-08,Components,Connectivity Module,4,110.15,-3.22,52.66,82.0,99.38,42.31,42.74,0,72.96,1.01
2023-08,Industrial Tech,Industrial Scanner,3,108.39,0.3,53.6,82.0,99.38,43.02,128.21,0,85.11,1.09
2023-08,Industrial Tech,Industrial Scanner,4,84.83,-8.03,38.69,82.0,99.38,40.36,42.74,0,66.2,1.01
2023-08,IT Devices,Laptop Pro,2,98.3,-3.47,60.91,82.0,99.38,41.28,42.74,0,66.56,1.02
2023-08,IT Devices,Laptop Standard,4,75.69,-12.55,44.65,82.0,99.38,42.69,170.94,0,74.05,1.01
2023-08,Medical Devices,Medical Sensor,3,113.74,-8.31,59.8,82.0,99.38,41.19,85.47,0,82.82,1.09
2023-08,Medical Devices,Monitoring Device,3,115.03,-2.13,54.29,82.0,99.38,41.77,85.47,0,84.46,1.09
2023-08,Medical Devices,Monitoring Device,5,84.12,15.44,58.04,82.0,99.38,42.72,85.47,0,71.13,0.97
2023-08,Medical Devices,Monitoring Device,7,102.85,11.24,60.17,82.0,99.38,40.33,42.74,0,68.68,1.04
2023-08,Services,Service Contract,10,94.23,0.32,56.66,82.0,99.38,40.19,85.47,0,75.86,0.95
2023-08,IT Devices,Tablet Enterprise,2,102.29,-3.92,48.01,82.0,99.38,41.28,85.47,0,80.82,1.02
2023-08,IT Devices,Tablet Enterprise,8,122.05,10.69,55.96,82.0,99.38,40.57,85.47,0,87.08,1.07
2023-09,Accessories,Accessory Kit,5,82.85,7.1,61.7,100.0,101.91,48.28,78.74,1,67.44,0.97
2023-09,Components,Connectivity Module,3,165.68,20.16,48.17,100.0,101.91,41.51,157.48,0,100.0,1.09
2023-09,Components,Connectivity Module,4,148.96,35.23,53.61,100.0,101.91,40.91,39.37,0,87.71,1.01
2023-09,Components,Connectivity Module,6,180.0,27.14,53.37,100.0,101.91,41.14,157.48,0,100.0,1.14
2023-09,Components,Connectivity Module,10,121.22,20.1,50.63,100.0,101.91,40.27,0.0,0,68.31,0.95
2023-09,Industrial Tech,Industrial Scanner,8,124.76,18.89,66.07,100.0,101.91,41.38,157.48,0,89.16,1.07
2023-09,IT Devices,Laptop Pro,1,133.23,24.51,60.49,100.0,101.91,41.4,118.11,0,93.77,1.06
2023-09,IT Devices,Laptop Pro,8,135.05,29.86,55.6,100.0,101.91,40.61,118.11,0,95.7,1.07
2023-09,IT Devices,Laptop Pro,9,149.91,18.8,63.55,100.0,101.91,41.76,39.37,0,85.77,1.12
2023-09,Legacy Products,Legacy Workstation,7,57.59,10.79,42.62,100.0,101.91,42.05,39.37,0,53.41,1.04
2023-09,Medical Devices,Medical Sensor,2,127.08,20.57,58.34,100.0,101.91,41.52,118.11,0,91.77,1.02
2023-09,Medical Devices,Medical Sensor,6,166.04,19.76,57.38,100.0,101.91,40.5,157.48,0,100.0,1.14
2023-09,Medical Devices,Monitoring Device,3,140.65,22.27,49.5,100.0,101.91,40.88,118.11,0,99.24,1.09
2023-09,Medical Devices,Monitoring Device,5,119.35,41.88,62.55,100.0,101.91,40.79,196.85,1,87.86,0.97
2023-09,Services,Service Contract,4,129.43,25.08,51.33,100.0,101.91,40.46,0.0,0,71.41,1.01
2023-09,IT Devices,Tablet Enterprise,2,133.36,30.37,52.66,100.0,101.91,42.87,39.37,0,81.38,1.02
2023-09,IT Devices,Tablet Enterprise,9,160.81,27.7,45.95,100.0,101.91,41.31,0.0,0,85.02,1.12
2023-10,Accessories,Accessory Kit,1,151.6,30.78,56.79,130.0,102.1,40.83,117.65,0,100.0,1.06
2023-10,Accessories,Accessory Kit,2,133.83,26.28,45.42,130.0,102.1,41.82,196.08,0,97.27,1.02
2023-10,Accessories,Accessory Kit,6,180.0,31.99,46.58,130.0,102.1,39.34,156.86,0,100.0,1.14
2023-10,Accessories,Accessory Kit,7,133.25,21.18,57.42,130.0,102.1,52.42,78.43,0,87.84,1.04
2023-10,Accessories,Accessory Kit,8,152.31,22.53,41.83,130.0,102.1,42.22,117.65,0,100.0,1.07
2023-10,Industrial Tech,Industrial Scanner,6,180.0,25.2,55.0,130.0,102.1,40.64,78.43,0,100.0,1.14
2023-10,IT Devices,Laptop Pro,9,180.0,20.07,61.94,130.0,102.1,40.7,0.0,0,89.27,1.12
2023-10,IT Devices,Laptop Pro,10,128.16,35.63,49.23,130.0,102.1,41.55,0.0,0,71.2,0.95
2023-10,IT Devices,Laptop Standard,9,159.66,33.24,56.95,130.0,102.1,41.83,156.86,0,100.0,1.12
2023-10,Legacy Products,Legacy Workstation,1,77.26,20.79,48.83,130.0,102.1,41.33,274.51,0,73.96,1.06
2023-10,Medical Devices,Medical Sensor,4,160.9,25.1,64.38,130.0,102.1,39.82,78.43,0,99.26,1.01
2023-10,Medical Devices,Medical Sensor,6,180.0,8.41,52.12,130.0,102.1,39.93,300.0,0,100.0,1.14
2023-10,Medical Devices,Medical Sensor,9,180.0,12.98,63.09,130.0,102.1,41.61,0.0,0,88.88,1.12
2023-10,Medical Devices,Monitoring Device,3,178.12,26.64,49.43,130.0,102.1,40.17,39.22,0,100.0,1.09
2023-10,Medical Devices,Monitoring Device,5,138.57,16.1,62.53,130.0,102.1,40.37,156.86,0,95.62,0.97
2023-10,Services,Service Contract,3,180.0,22.08,41.09,130.0,102.1,39.61,156.86,0,100.0,1.09
2023-10,IT Devices,Tablet Enterprise,1,180.0,16.42,29.59,130.0,102.1,39.51,274.51,0,100.0,1.06
2023-10,IT Devices,Tablet Enterprise,5,156.94,28.95,63.9,130.0,102.1,42.15,39.22,0,88.42,0.97
2023-11,Components,Connectivity Module,7,180.0,0.0,63.22,130.0,100.44,40.82,41.84,0,98.59,1.04
2023-11,Industrial Tech,Industrial Scanner,3,163.21,-5.2,56.43,130.0,100.44,40.96,41.84,0,93.35,1.09
2023-11,Industrial Tech,Industrial Scanner,8,171.58,4.06,64.19,130.0,100.44,41.27,0.0,0,85.32,1.07
2023-11,IT Devices,Laptop Pro,2,155.51,1.13,55.26,130.0,100.44,41.22,209.21,0,100.0,1.02
2023-11,IT Devices,Laptop Standard,7,137.68,1.01,56.49,130.0,100.44,40.07,41.84,0,83.26,1.04
2023-11,Legacy Products,Legacy Workstation,2,78.7,8.42,54.17,130.0,100.44,41.47,167.36,0,73.34,1.02
2023-11,Legacy Products,Legacy Workstation,3,97.22,-3.13,61.56,130.0,100.44,48.23,0.0,0,55.11,1.09
2023-11,Legacy Products,Legacy Workstation,10,69.98,12.69,55.51,130.0,100.44,43.42,0.0,0,46.27,0.95
2023-11,Medical Devices,Medical Sensor,3,180.0,0.0,60.24,130.0,100.44,40.77,167.36,0,100.0,1.09
2023-11,Medical Devices,Medical Sensor,6,180.0,0.0,44.39,130.0,100.44,40.64,125.52,0,100.0,1.14
2023-11,Medical Devices,Monitoring Device,6,180.0,0.0,55.14,130.0,100.44,41.71,83.68,0,100.0,1.14
2023-11,Medical Devices,Monitoring Device,9,180.0,0.0,46.36,130.0,100.44,39.28,83.68,0,100.0,1.12
2023-11,Services,Service Contract,1,163.94,-8.92,55.38,130.0,100.44,40.41,125.52,1,100.0,1.06
2023-11,Services,Service Contract,2,169.95,-1.09,55.48,130.0,100.44,40.98,83.68,0,100.0,1.02
2023-11,Services,Service Contract,9,180.0,0.0,43.62,130.0,100.44,42.13,125.52,0,100.0,1.12
2023-11,Services,Service Contract,10,144.26,-3.02,48.19,130.0,100.44,40.81,83.68,0,97.23,0.95
2023-11,IT Devices,Tablet Enterprise,8,180.0,0.0,58.83,130.0,100.44,45.28,125.52,0,100.0,1.07
2023-12,Components,Connectivity Module,3,180.0,0.0,54.24,130.0,102.52,40.45,104.53,0,100.0,1.09
2023-12,Components,Connectivity Module,10,164.5,2.86,49.16,130.0,102.52,41.46,34.84,0,93.78,0.95
2023-12,Industrial Tech,Industrial Scanner,2,139.6,-4.41,54.83,130.0,102.52,40.47,104.53,0,97.71,1.02
2023-12,Industrial Tech,Industrial Scanner,6,180.0,0.0,48.02,130.0,102.52,42.55,174.22,0,100.0,1.14
2023-12,IT Devices,Laptop Pro,6,180.0,0.0,58.72,130.0,102.52,41.05,139.37,0,100.0,1.14
2023-12,IT Devices,Laptop Standard,7,131.0,-4.85,52.17,130.0,102.52,41.18,104.53,0,94.74,1.04
2023-12,IT Devices,Laptop Standard,9,165.27,1.32,55.94,130.0,102.52,41.69,104.53,0,100.0,1.12
2023-12,Legacy Products,Legacy Workstation,1,73.99,-17.83,47.53,130.0,102.52,40.06,139.37,0,73.13,1.06
2023-12,Legacy Products,Legacy Workstation,5,72.6,1.04,59.57,130.0,102.52,39.59,104.53,0,69.99,0.97
2023-12,Medical Devices,Medical Sensor,4,180.0,17.95,57.49,130.0,102.52,41.48,174.22,0,100.0,1.01
2023-12,Medical Devices,Monitoring Device,8,178.67,-0.74,61.32,130.0,102.52,39.51,104.53,0,100.0,1.07
2023-12,Services,Service Contract,5,158.82,2.65,57.71,130.0,102.52,40.09,104.53,0,100.0,0.97
2023-12,IT Devices,Tablet Enterprise,2,180.0,3.21,51.01,130.0,102.52,39.73,139.37,0,100.0,1.02
2024-01,Accessories,Accessory Kit,3,131.17,-17.66,54.23,100.0,103.03,40.23,37.59,0,80.15,1.09
2024-01,Accessories,Accessory Kit,10,96.62,-20.97,49.01,100.0,103.03,40.88,75.19,0,76.03,0.95
2024-01,Components,Connectivity Module,2,158.5,-11.94,46.76,100.0,103.03,42.21,150.38,0,100.0,1.02
2024-01,Components,Connectivity Module,7,173.03,-3.87,55.17,100.0,103.03,41.91,75.19,0,100.0,1.04
2024-01,Components,Connectivity Module,10,130.91,-20.42,52.77,100.0,103.03,40.13,37.59,0,80.38,0.95
2024-01,Industrial Tech,Industrial Scanner,6,162.7,-9.61,49.55,100.0,103.03,45.59,75.19,0,100.0,1.14
2024-01,IT Devices,Laptop Pro,9,158.82,-11.77,61.51,100.0,103.03,41.15,0.0,0,80.82,1.12
2024-01,Legacy Products,Legacy Workstation,7,57.68,-23.78,48.67,100.0,103.03,41.95,37.59,0,51.72,1.04
2024-01,Medical Devices,Medical Sensor,4,130.59,-27.45,50.19,100.0,103.03,39.94,0.0,0,72.2,1.01
2024-01,Medical Devices,Monitoring Device,5,112.31,-15.3,54.47,100.0,103.03,41.68,112.78,0,86.69,0.97
2024-01,Medical Devices,Monitoring Device,6,171.28,-4.84,51.25,100.0,103.03,41.23,300.0,0,100.0,1.14
2024-01,Services,Service Contract,2,145.61,-18.49,58.17,100.0,103.03,40.81,150.38,0,99.33,1.02
2024-01,Services,Service Contract,3,175.45,-2.53,48.8,100.0,103.03,41.75,0.0,0,90.18,1.09
2024-01,IT Devices,Tablet Enterprise,3,174.35,-3.14,52.94,100.0,103.03,40.44,187.97,0,100.0,1.09
2024-02,Accessories,Accessory Kit,1,123.19,-6.77,45.98,100.0,101.03,39.89,244.9,0,93.18,1.06
2024-02,Accessories,Accessory Kit,3,121.04,-7.72,48.42,100.0,101.03,41.49,81.63,0,87.32,1.09
2024-02,Accessories,Accessory Kit,10,91.8,-4.99,56.91,100.0,101.03,41.45,122.45,0,77.98,0.95
2024-02,Components,Connectivity Module,5,100.67,-31.48,54.67,100.0,101.03,41.42,81.63,1,77.8,0.97
2024-02,Components,Connectivity Module,8,176.24,-1.98,55.58,100.0,101.03,42.88,40.82,0,98.22,1.07
2024-02,Industrial Tech,Industrial Scanner,2,114.64,4.33,54.16,100.0,101.03,40.27,122.45,0,87.9,1.02
2024-02,Industrial Tech,Industrial Scanner,5,88.3,-10.16,50.21,100.0,101.03,41.74,122.45,0,78.01,0.97
2024-02,Industrial Tech,Industrial Scanner,8,124.16,-2.25,68.91,100.0,101.03,41.13,122.45,0,88.33,1.07
2024-02,Industrial Tech,Industrial Scanner,10,95.88,-6.72,62.77,100.0,101.03,42.24,0.0,0,55.2,0.95
2024-02,IT Devices,Laptop Pro,1,127.22,-10.06,52.66,100.0,101.03,41.55,163.27,0,93.07,1.06
2024-02,IT Devices,Laptop Pro,5,100.75,-10.69,57.73,100.0,101.03,40.23,81.63,0,77.34,0.97
2024-02,IT Devices,Laptop Pro,7,127.08,-2.96,51.44,100.0,101.03,39.09,0.0,0,70.65,1.04
2024-02,IT Devices,Laptop Pro,9,160.86,1.28,67.85,100.0,101.03,40.19,122.45,0,100.0,1.12
2024-02,IT Devices,Laptop Pro,10,102.56,-1.45,46.86,100.0,101.03,41.0,40.82,0,70.95,0.95
2024-02,IT Devices,Laptop Standard,4,91.36,-10.56,45.9,100.0,101.03,41.85,81.63,0,75.94,1.01
2024-02,IT Devices,Laptop Standard,5,80.44,-18.94,53.89,100.0,101.03,42.85,285.71,0,73.89,0.97
2024-02,IT Devices,Laptop Standard,8,112.21,4.98,50.21,100.0,101.03,50.05,0.0,0,63.33,1.07
2024-02,IT Devices,Laptop Standard,10,88.61,-2.19,60.62,100.0,101.03,40.46,40.82,0,62.43,0.95
2024-02,Legacy Products,Legacy Workstation,6,79.12,-4.74,62.46,100.0,101.03,41.06,0.0,0,48.75,1.14
2024-02,Medical Devices,Medical Sensor,6,179.6,-0.22,52.77,100.0,101.03,41.51,204.08,0,100.0,1.14
2024-02,Medical Devices,Monitoring Device,8,151.91,2.18,76.09,100.0,101.03,42.15,0.0,0,74.7,1.07
2024-02,Services,Service Contract,6,180.0,0.0,39.39,100.0,101.03,40.23,285.71,0,100.0,1.14
2024-02,IT Devices,Tablet Enterprise,5,117.61,0.71,62.65,100.0,101.03,39.48,40.82,0,73.73,0.97
2024-02,IT Devices,Tablet Enterprise,6,180.0,0.0,56.96,100.0,101.03,40.53,122.45,0,100.0,1.14
2024-03,IT Devices,Laptop Pro,6,180.0,0.0,64.99,100.0,105.38,39.86,116.28,0,100.0,1.14
2024-03,IT Devices,Laptop Pro,10,108.63,5.92,41.92,100.0,105.38,39.0,0.0,0,65.38,0.95
2024-03,IT Devices,Laptop Standard,7,118.35,17.42,57.77,100.0,105.38,41.71,0.0,0,65.37,1.04
2024-03,IT Devices,Laptop Standard,8,108.66,-3.16,57.64,100.0,105.38,41.58,77.52,0,79.37,1.07
2024-03,Medical Devices,Medical Sensor,2,131.89,5.42,51.6,100.0,105.38,39.93,0.0,0,72.41,1.02
2024-03,Medical Devices,Medical Sensor,6,180.0,0.22,56.93,100.0,105.38,39.53,116.28,0,100.0,1.14
2024-03,Medical Devices,Medical Sensor,8,154.7,-5.82,50.05,100.0,105.38,41.45,38.76,0,90.57,1.07
2024-03,Medical Devices,Monitoring Device,4,123.38,9.88,57.19,100.0,105.38,41.5,38.76,0,76.46,1.01
2024-03,Services,Service Contract,4,159.09,19.0,47.17,100.0,105.38,41.67,38.76,0,92.92,1.01
2024-03,Services,Service Contract,6,180.0,0.0,42.41,100.0,105.38,41.44,116.28,0,100.0,1.14
2024-04,Accessories,Accessory Kit,5,95.19,-3.35,59.17,100.0,104.11,40.7,80.97,0,74.58,0.97
2024-04,Components,Connectivity Module,5,134.65,-5.02,52.64,100.0,104.11,40.68,80.97,0,91.8,0.97
2024-04,Components,Connectivity Module,9,180.0,0.0,47.11,100.0,104.11,40.29,161.94,0,100.0,1.12
2024-04,Industrial Tech,Industrial Scanner,7,127.89,8.23,49.91,100.0,104.11,39.73,40.49,0,80.53,1.04
2024-04,IT Devices,Laptop Standard,2,95.0,-7.94,61.5,100.0,104.11,40.53,121.46,0,78.39,1.02
2024-04,IT Devices,Laptop Standard,3,121.45,-7.59,57.48,100.0,104.11,40.71,80.97,0,85.45,1.09
2024-04,Legacy Products,Legacy Workstation,6,79.17,-1.44,63.24,100.0,104.11,41.53,161.94,0,71.53,1.14
2024-04,Legacy Products,Legacy Workstation,7,59.51,-3.99,49.74,100.0,104.11,40.4,80.97,0,62.42,1.04
2024-04,Legacy Products,Legacy Workstation,8,60.46,-10.72,46.91,100.0,104.11,42.16,121.46,0,67.54,1.07
2024-04,Medical Devices,Medical Sensor,1,151.54,-5.34,52.56,100.0,104.11,40.77,242.91,0,100.0,1.06
2024-04,Medical Devices,Medical Sensor,5,118.22,2.07,61.14,100.0,104.11,41.5,40.49,0,73.93,0.97
2024-04,Medical Devices,Monitoring Device,1,122.38,-19.11,50.24,100.0,104.11,40.36,300.0,1,91.85,1.06
2024-04,Medical Devices,Monitoring Device,5,112.68,-5.91,53.94,100.0,104.11,40.84,80.97,0,82.7,0.97
2024-04,IT Devices,Tablet Enterprise,3,164.17,-3.16,54.99,100.0,104.11,40.69,121.46,0,100.0,1.09
2024-04,IT Devices,Tablet Enterprise,4,142.85,7.63,68.64,100.0,104.11,41.67,161.94,0,95.79,1.01
2024-05,Industrial Tech,Industrial Scanner,7,125.02,-2.24,49.65,100.0,103.06,40.63,78.74,0,88.1,1.04
2024-05,Industrial Tech,Industrial Scanner,9,147.55,-13.04,63.45,100.0,103.06,40.44,39.37,0,85.05,1.12
2024-05,Industrial Tech,Industrial Scanner,10,98.44,5.41,49.35,100.0,103.06,40.05,0.0,0,59.51,0.95
2024-05,IT Devices,Laptop Pro,5,106.04,-2.08,56.08,100.0,103.06,40.06,118.11,0,84.07,0.97
2024-05,IT Devices,Laptop Pro,10,101.0,-2.28,42.09,100.0,103.06,40.35,78.74,0,80.2,0.95
2024-05,IT Devices,Laptop Standard,5,82.88,2.22,54.85,100.0,103.06,39.38,118.11,0,75.18,0.97
2024-05,Medical Devices,Medical Sensor,2,153.33,8.27,55.22,100.0,103.06,41.53,39.37,0,89.01,1.02
2024-05,Medical Devices,Monitoring Device,1,125.84,2.83,52.68,100.0,103.06,41.87,300.0,0,92.47,1.06
2024-05,Medical Devices,Monitoring Device,7,132.41,6.88,60.24,100.0,103.06,39.96,39.37,0,79.77,1.04
2024-05,Services,Service Contract,1,162.67,-0.48,47.39,100.0,103.06,40.42,118.11,0,100.0,1.06
2024-05,IT Devices,Tablet Enterprise,2,146.21,5.46,45.65,100.0,103.06,39.04,39.37,0,88.64,1.02
2024-05,IT Devices,Tablet Enterprise,7,145.24,-0.84,49.65,100.0,103.06,40.32,39.37,0,87.18,1.04
2024-05,IT Devices,Tablet Enterprise,8,151.04,-4.81,48.41,100.0,103.06,40.91,39.37,0,89.68,1.07
2024-06,Accessories,Accessory Kit,2,115.45,-1.7,61.71,100.0,105.21,42.18,85.11,0,82.85,1.02
2024-06,Accessories,Accessory Kit,4,107.87,3.51,53.41,100.0,105.21,39.68,42.55,0,72.23,1.01
2024-06,Accessories,Accessory Kit,7,130.59,-0.78,53.44,100.0,105.21,40.17,0.0,0,71.46,1.04
2024-06,Components,Connectivity Module,2,162.44,9.22,56.68,100.0,105.21,39.4,85.11,0,100.0,1.02
2024-06,Components,Connectivity Module,5,138.96,4.04,45.56,100.0,105.21,40.9,170.21,0,99.43,0.97
2024-06,Components,Connectivity Module,10,138.11,4.49,45.39,100.0,105.21,42.64,42.55,0,85.65,0.95
2024-06,Industrial Tech,Industrial Scanner,4,107.18,-3.44,42.83,100.0,105.21,40.55,85.11,0,83.94,1.01
2024-06,IT Devices,Laptop Standard,10,77.92,1.66,56.49,100.0,105.21,38.61,42.55,0,59.73,0.95
2024-06,Medical Devices,Medical Sensor,4,137.59,2.92,58.55,100.0,105.21,40.58,170.21,0,96.07,1.01
2024-06,Medical Devices,Medical Sensor,7,149.07,8.2,42.05,100.0,105.21,40.95,0.0,0,81.23,1.04
2024-06,Medical Devices,Monitoring Device,1,146.39,16.33,59.05,100.0,105.21,45.83,170.21,0,98.69,1.06
2024-06,Medical Devices,Monitoring Device,2,134.38,8.6,53.69,100.0,105.21,41.69,42.55,0,82.47,1.02
2024-06,Services,Service Contract,8,176.66,5.56,56.04,100.0,105.21,42.09,85.11,0,100.0,1.07
2024-07,Accessories,Accessory Kit,2,87.1,-24.56,64.06,82.0,107.44,40.17,40.98,0,61.15,1.02
2024-07,Components,Connectivity Module,7,140.04,-22.2,47.88,82.0,107.44,41.39,81.97,0,95.13,1.04
2024-07,Industrial Tech,Industrial Scanner,1,113.84,-15.03,62.27,82.0,107.44,41.79,163.93,0,85.57,1.06
2024-07,Industrial Tech,Industrial Scanner,2,101.71,-20.12,59.18,82.0,107.44,40.91,40.98,0,67.96,1.02
2024-07,Industrial Tech,Industrial Scanner,3,120.07,-13.36,61.25,82.0,107.44,42.43,122.95,0,88.19,1.09
2024-07,Industrial Tech,Industrial Scanner,8,123.89,-10.93,59.97,82.0,107.44,39.8,0.0,0,67.39,1.07
2024-07,Industrial Tech,Industrial Scanner,10,71.99,-19.93,56.45,82.0,107.44,41.05,81.97,0,66.07,0.95
2024-07,IT Devices,Laptop Pro,2,102.71,-17.28,48.0,82.0,107.44,40.27,81.97,0,80.34,1.02
2024-07,IT Devices,Laptop Standard,4,81.42,-13.53,47.67,82.0,107.44,40.43,40.98,0,62.44,1.01
2024-07,IT Devices,Laptop Standard,7,88.61,-23.43,56.08,82.0,107.44,39.93,81.97,0,72.97,1.04
2024-07,IT Devices,Laptop Standard,8,104.53,-12.45,63.05,82.0,107.44,39.91,0.0,0,58.95,1.07
2024-07,Medical Devices,Medical Sensor,6,167.11,-7.16,54.9,82.0,107.44,42.2,163.93,0,100.0,1.14
2024-07,Services,Service Contract,3,160.51,-10.83,51.82,82.0,107.44,40.67,204.92,0,100.0,1.09
2024-07,Services,Service Contract,5,108.81,-13.41,48.61,82.0,107.44,42.69,81.97,0,82.28,0.97
2024-07,Services,Service Contract,9,175.91,-2.27,52.69,82.0,107.44,41.77,245.9,0,100.0,1.12
2024-08,Components,Connectivity Module,3,180.0,0.0,55.93,82.0,108.56,41.1,40.65,0,99.88,1.09
2024-08,Components,Connectivity Module,10,115.66,5.61,48.86,82.0,108.56,40.92,40.65,0,75.73,0.95
2024-08,Industrial Tech,Industrial Scanner,5,88.96,5.07,55.87,82.0,108.56,40.65,81.3,0,72.9,0.97
2024-08,Industrial Tech,Industrial Scanner,6,147.91,4.32,45.06,82.0,108.56,41.1,40.65,0,89.43,1.14
2024-08,IT Devices,Laptop Pro,3,131.35,-2.06,61.01,82.0,108.56,40.67,203.25,0,93.02,1.09
2024-08,IT Devices,Laptop Pro,5,90.49,-9.49,51.07,82.0,108.56,40.88,40.65,0,65.18,0.97
2024-08,IT Devices,Laptop Pro,8,129.13,-4.18,57.57,82.0,108.56,41.15,162.6,0,92.81,1.07
2024-08,IT Devices,Laptop Pro,9,172.5,16.78,60.46,82.0,108.56,40.04,40.65,0,96.04,1.12
2024-08,IT Devices,Laptop Standard,2,79.39,-2.78,70.37,82.0,108.56,40.42,203.25,0,70.21,1.02
2024-08,Legacy Products,Legacy Workstation,2,48.39,-16.57,61.86,82.0,108.56,40.5,203.25,0,59.67,1.02
2024-08,Legacy Products,Legacy Workstation,3,54.98,6.59,58.96,82.0,108.56,41.31,162.6,0,62.83,1.09
2024-08,Legacy Products,Legacy Workstation,7,50.43,2.23,59.18,82.0,108.56,40.95,40.65,0,47.36,1.04
2024-08,Medical Devices,Medical Sensor,7,122.49,-6.25,48.78,82.0,108.56,40.78,81.3,0,87.85,1.04
2024-08,Medical Devices,Medical Sensor,10,95.91,4.79,52.6,82.0,108.56,41.72,81.3,0,76.23,0.95
2024-08,Medical Devices,Monitoring Device,4,103.49,-12.01,54.25,82.0,108.56,40.49,121.95,0,83.39,1.01
2024-08,Medical Devices,Monitoring Device,6,156.49,-2.16,51.05,82.0,108.56,40.61,162.6,0,100.0,1.14
2024-08,Medical Devices,Monitoring Device,7,107.39,-9.92,73.52,82.0,108.56,40.76,0.0,0,57.67,1.04
2024-08,IT Devices,Tablet Enterprise,3,150.3,-2.07,53.9,82.0,108.56,40.57,40.65,0,88.53,1.09
2024-08,IT Devices,Tablet Enterprise,5,96.55,-4.33,71.64,82.0,108.56,40.95,162.6,0,76.72,0.97
2024-09,Accessories,Accessory Kit,1,123.96,12.87,51.86,100.0,106.73,41.53,264.15,0,91.94,1.06
2024-09,Accessories,Accessory Kit,10,90.85,12.73,55.19,100.0,106.73,40.78,75.47,0,72.44,0.95
2024-09,Components,Connectivity Module,3,180.0,0.0,50.23,100.0,106.73,41.61,75.47,0,100.0,1.09
2024-09,Industrial Tech,Industrial Scanner,1,136.69,19.06,60.66,100.0,106.73,42.08,300.0,0,95.02,1.06
2024-09,Industrial Tech,Industrial Scanner,6,176.23,19.15,51.95,100.0,106.73,41.05,113.21,0,100.0,1.14
2024-09,IT Devices,Laptop Pro,1,152.95,19.68,60.34,100.0,106.73,41.48,300.0,0,100.0,1.06
2024-09,IT Devices,Laptop Pro,4,120.85,22.23,58.85,100.0,106.73,42.52,113.21,0,89.01,1.01
2024-09,IT Devices,Laptop Standard,8,119.85,14.26,52.7,100.0,106.73,41.48,75.47,0,84.48,1.07
2024-09,Legacy Products,Legacy Workstation,3,66.23,20.46,58.05,100.0,106.73,39.17,75.47,1,62.2,1.09
2024-09,Medical Devices,Medical Sensor,3,180.0,14.32,78.76,100.0,106.73,42.52,226.42,0,100.0,1.09
2024-09,Medical Devices,Medical Sensor,10,115.04,19.95,50.97,100.0,106.73,42.26,0.0,0,65.46,0.95
2024-09,Medical Devices,Monitoring Device,8,154.14,20.7,60.87,100.0,106.73,40.35,188.68,0,100.0,1.07
2024-09,IT Devices,Tablet Enterprise,4,139.97,14.25,60.07,100.0,106.73,41.19,75.47,0,90.95,1.01
2024-09,IT Devices,Tablet Enterprise,5,131.44,36.14,70.76,100.0,106.73,40.21,150.94,0,90.98,0.97
2024-09,IT Devices,Tablet Enterprise,7,152.97,16.91,53.2,100.0,106.73,40.61,75.47,0,97.75,1.04
2024-10,Accessories,Accessory Kit,8,180.0,31.28,57.02,130.0,109.24,40.87,44.05,0,100.0,1.07
2024-10,Components,Connectivity Module,2,180.0,12.39,57.08,130.0,109.24,41.17,88.11,0,100.0,1.02
2024-10,Industrial Tech,Industrial Scanner,4,151.37,35.67,37.1,130.0,109.24,39.54,44.05,0,93.59,1.01
2024-10,Industrial Tech,Industrial Scanner,5,133.13,45.04,59.79,130.0,109.24,40.55,132.16,0,94.02,0.97
2024-10,Industrial Tech,Industrial Scanner,6,180.0,2.14,46.98,130.0,109.24,41.51,176.21,0,100.0,1.14
2024-10,IT Devices,Laptop Pro,2,176.06,33.3,48.21,130.0,109.24,41.79,88.11,0,100.0,1.02
2024-10,IT Devices,Laptop Standard,1,146.78,30.52,50.95,130.0,109.24,40.55,264.32,0,100.0,1.06
2024-10,IT Devices,Laptop Standard,5,110.98,35.97,50.65,130.0,109.24,40.09,44.05,0,74.37,0.97
2024-10,Legacy Products,Legacy Workstation,5,62.28,32.2,63.09,130.0,109.24,41.22,176.21,0,64.85,0.97
2024-10,IT Devices,Tablet Enterprise,3,180.0,0.0,50.37,130.0,109.24,41.2,88.11,0,100.0,1.09
2024-10,IT Devices,Tablet Enterprise,4,180.0,28.6,53.41,130.0,109.24,42.28,176.21,0,100.0,1.01
2024-11,Accessories,Accessory Kit,2,180.0,21.11,66.29,130.0,108.5,42.0,37.45,1,96.73,1.02
2024-11,Accessories,Accessory Kit,6,180.0,0.0,45.14,130.0,108.5,41.18,299.63,0,100.0,1.14
2024-11,Accessories,Accessory Kit,10,115.43,-2.88,56.74,130.0,108.5,41.0,0.0,0,64.54,0.95
2024-11,Components,Connectivity Module,2,180.0,0.0,59.64,130.0,108.5,41.47,149.81,0,100.0,1.02
2024-11,Components,Connectivity Module,10,175.67,0.84,52.36,130.0,108.5,41.47,112.36,0,100.0,0.95
2024-11,Industrial Tech,Industrial Scanner,8,180.0,0.0,56.92,130.0,108.5,40.93,112.36,0,100.0,1.07
2024-11,Industrial Tech,Industrial Scanner,9,180.0,0.0,61.77,130.0,108.5,40.61,37.45,0,97.93,1.12
2024-11,IT Devices,Laptop Pro,3,180.0,0.0,65.84,130.0,108.5,39.9,187.27,0,100.0,1.09
2024-11,IT Devices,Laptop Pro,5,142.27,0.07,64.45,130.0,108.5,41.06,149.81,0,96.57,0.97
2024-11,IT Devices,Laptop Pro,6,180.0,0.0,52.58,130.0,108.5,40.62,224.72,0,100.0,1.14
2024-11,IT Devices,Laptop Standard,1,154.7,5.4,53.64,130.0,108.5,40.51,187.27,0,100.0,1.06
2024-11,IT Devices,Laptop Standard,6,180.0,0.0,67.57,130.0,108.5,40.95,149.81,0,100.0,1.14
2024-11,Medical Devices,Medical Sensor,2,180.0,0.0,58.81,130.0,108.5,40.0,112.36,0,100.0,1.02
2024-11,Medical Devices,Medical Sensor,6,180.0,0.0,62.32,130.0,108.5,40.1,262.17,0,100.0,1.14
2024-11,Medical Devices,Medical Sensor,7,180.0,6.47,54.36,130.0,108.5,40.54,0.0,0,90.96,1.04
2024-11,Medical Devices,Monitoring Device,8,180.0,0.0,63.74,130.0,108.5,41.84,37.45,0,97.31,1.07
2024-11,Medical Devices,Monitoring Device,10,141.97,-7.65,57.21,130.0,108.5,41.21,0.0,0,75.02,0.95
2024-11,Services,Service Contract,4,180.0,0.0,61.86,130.0,108.5,39.54,112.36,0,100.0,1.01
2024-11,IT Devices,Tablet Enterprise,3,180.0,0.0,54.57,130.0,108.5,40.41,74.91,0,100.0,1.09
2024-11,IT Devices,Tablet Enterprise,5,173.64,8.93,68.99,130.0,108.5,45.27,74.91,0,100.0,0.97
2024-12,Accessories,Accessory Kit,2,172.67,-4.07,69.53,130.0,108.38,42.2,159.36,0,100.0,1.02
2024-12,Accessories,Accessory Kit,3,180.0,0.0,63.15,130.0,108.38,41.59,79.68,0,100.0,1.09
2024-12,Accessories,Accessory Kit,4,155.82,0.62,53.87,130.0,108.38,40.45,199.2,0,100.0,1.01
2024-12,Industrial Tech,Industrial Scanner,5,143.08,-0.49,59.95,130.0,108.38,43.09,39.84,0,83.74,0.97
2024-12,IT Devices,Laptop Standard,1,156.09,0.9,54.85,130.0,108.38,41.17,79.68,0,99.52,1.06
2024-12,IT Devices,Laptop Standard,4,131.69,0.43,60.55,130.0,108.38,40.19,39.84,0,79.49,1.01
2024-12,Medical Devices,Medical Sensor,1,180.0,0.0,54.0,130.0,108.38,40.17,159.36,0,100.0,1.06
2024-12,Medical Devices,Medical Sensor,2,180.0,0.0,63.86,130.0,108.38,40.29,39.84,0,98.07,1.02
2024-12,Medical Devices,Monitoring Device,2,179.16,0.63,58.28,130.0,108.38,40.43,119.52,0,100.0,1.02
2024-12,Medical Devices,Monitoring Device,4,165.51,-8.05,46.56,130.0,108.38,40.37,119.52,0,100.0,1.01
2024-12,Medical Devices,Monitoring Device,7,180.0,0.0,62.36,130.0,108.38,40.8,39.84,0,98.32,1.04
2024-12,Medical Devices,Monitoring Device,9,180.0,0.0,54.28,130.0,108.38,42.07,79.68,0,100.0,1.12
2024-12,Services,Service Contract,4,180.0,0.0,57.57,130.0,108.38,41.7,0.0,0,90.08,1.01
2024-12,IT Devices,Tablet Enterprise,1,180.0,0.0,52.15,130.0,108.38,41.16,79.68,0,100.0,1.06
2024-12,IT Devices,Tablet Enterprise,5,163.72,-5.71,70.77,130.0,108.38,40.75,39.84,0,89.97,0.97
2024-12,IT Devices,Tablet Enterprise,6,180.0,0.0,62.92,130.0,108.38,40.75,79.68,0,100.0,1.14
2024-12,IT Devices,Tablet Enterprise,8,180.0,0.0,50.85,130.0,108.38,41.92,79.68,0,100.0,1.07
2025-01,Accessories,Accessory Kit,3,161.61,-10.22,62.66,100.0,110.89,42.37,128.76,0,100.0,1.09
2025-01,Accessories,Accessory Kit,4,120.35,-22.76,51.46,100.0,110.89,41.7,128.76,0,90.56,1.01
2025-01,Accessories,Accessory Kit,7,135.5,-12.77,64.4,100.0,110.89,40.78,0.0,0,70.91,1.04
2025-01,Accessories,Accessory Kit,8,150.96,-16.13,47.32,100.0,110.89,40.74,128.76,0,100.0,1.07
2025-01,Components,Connectivity Module,9,180.0,0.0,60.79,100.0,110.89,42.47,128.76,0,100.0,1.12
2025-01,Components,Connectivity Module,10,142.58,-20.79,49.28,100.0,110.89,40.07,128.76,0,100.0,0.95
2025-01,Industrial Tech,Industrial Scanner,5,111.06,-22.38,62.02,100.0,110.89,41.6,85.84,0,81.28,0.97
2025-01,IT Devices,Laptop Standard,8,123.28,-16.53,58.62,100.0,110.89,41.53,42.92,0,77.06,1.07
2025-01,Medical Devices,Medical Sensor,3,180.0,0.0,67.93,100.0,110.89,40.26,128.76,0,100.0,1.09
2025-01,Medical Devices,Medical Sensor,9,180.0,0.0,60.36,100.0,110.89,41.75,42.92,0,99.33,1.12
2025-01,Services,Service Contract,9,180.0,0.0,54.65,100.0,110.89,41.56,85.84,0,100.0,1.12
2025-01,IT Devices,Tablet Enterprise,7,172.52,-4.16,47.45,100.0,110.89,40.4,85.84,0,100.0,1.04
2025-02,Accessories,Accessory Kit,8,155.24,2.84,48.96,100.0,112.25,40.55,266.67,0,100.0,1.07
2025-02,Accessories,Accessory Kit,10,94.32,-12.42,59.19,100.0,112.25,40.35,44.44,0,65.87,0.95
2025-02,Components,Connectivity Module,5,158.35,-1.54,57.35,100.0,112.25,42.21,44.44,0,91.61,0.97
2025-02,Components,Connectivity Module,9,180.0,0.0,61.65,100.0,112.25,40.5,0.0,0,89.36,1.12
2025-02,Industrial Tech,Industrial Scanner,7,132.31,-6.97,54.24,100.0,112.25,40.96,88.89,0,92.29,1.04
2025-02,Industrial Tech,Industrial Scanner,8,160.41,-0.16,50.42,100.0,112.25,42.35,44.44,0,93.94,1.07
2025-02,Industrial Tech,Industrial Scanner,9,180.0,0.0,64.9,100.0,112.25,41.31,222.22,0,100.0,1.12
2025-02,IT Devices,Laptop Pro,7,145.51,-7.88,54.85,100.0,112.25,41.14,0.0,0,76.96,1.04
2025-02,IT Devices,Laptop Pro,9,180.0,0.0,55.55,100.0,112.25,41.34,88.89,0,100.0,1.12
2025-02,Legacy Products,Legacy Workstation,1,59.38,-13.07,71.58,100.0,112.25,40.1,266.67,0,61.99,1.06
2025-02,Legacy Products,Legacy Workstation,5,46.32,-7.58,56.7,100.0,112.25,41.12,88.89,0,57.33,0.97
2025-02,Legacy Products,Legacy Workstation,7,55.63,-7.94,49.01,100.0,112.25,40.58,0.0,0,42.38,1.04
2025-02,Legacy Products,Legacy Workstation,8,66.91,0.27,47.89,100.0,112.25,41.92,0.0,0,46.94,1.07
2025-02,Legacy Products,Legacy Workstation,9,97.04,16.37,55.47,100.0,112.25,41.11,0.0,0,57.44,1.12
2025-02,Legacy Products,Legacy Workstation,10,42.0,0.0,48.68,100.0,112.25,41.58,88.89,0,57.3,0.95
2025-02,Medical Devices,Medical Sensor,1,180.0,0.0,53.66,100.0,112.25,40.84,133.33,0,100.0,1.06
2025-02,Medical Devices,Monitoring Device,3,180.0,0.0,62.75,100.0,112.25,40.58,88.89,0,100.0,1.09
2025-02,Medical Devices,Monitoring Device,7,152.47,-9.82,55.37,100.0,112.25,42.37,88.89,0,99.9,1.04
2025-02,Medical Devices,Monitoring Device,8,180.0,0.8,55.59,100.0,112.25,41.08,133.33,0,100.0,1.07
2025-02,Services,Service Contract,3,180.0,0.0,49.75,100.0,112.25,40.22,88.89,0,100.0,1.09
2025-02,Services,Service Contract,9,180.0,0.0,54.02,100.0,112.25,39.62,133.33,0,100.0,1.12
2025-03,Accessories,Accessory Kit,1,128.01,-6.67,53.28,100.0,109.3,41.17,171.67,0,93.31,1.06
2025-03,Accessories,Accessory Kit,2,114.47,-6.53,68.16,100.0,109.3,41.87,0.0,0,61.51,1.02
2025-03,Accessories,Accessory Kit,4,109.8,-10.26,50.01,100.0,109.3,41.64,42.92,0,73.54,1.01
2025-03,Accessories,Accessory Kit,5,99.56,-4.39,49.49,100.0,109.3,40.97,42.92,0,69.66,0.97
2025-03,Accessories,Accessory Kit,7,123.09,-9.11,66.12,100.0,109.3,40.31,128.76,0,88.65,1.04
2025-03,Accessories,Accessory Kit,9,176.44,-1.98,46.22,100.0,109.3,41.07,85.84,0,100.0,1.12
2025-03,Components,Connectivity Module,2,180.0,0.0,45.67,100.0,109.3,40.99,171.67,0,100.0,1.02
2025-03,Industrial Tech,Industrial Scanner,2,129.63,-2.93,54.08,100.0,109.3,41.42,85.84,0,90.49,1.02
2025-03,Industrial Tech,Industrial Scanner,3,149.12,-14.76,65.39,100.0,109.3,40.02,42.92,0,86.13,1.09
2025-03,Industrial Tech,Industrial Scanner,6,180.0,0.0,39.67,100.0,109.3,40.79,300.0,0,100.0,1.14
2025-03,IT Devices,Laptop Standard,1,122.55,-3.11,46.66,100.0,109.3,41.13,171.67,0,92.58,1.06
2025-03,Medical Devices,Medical Sensor,7,162.21,-8.27,51.66,100.0,109.3,42.77,0.0,0,84.1,1.04
2025-03,Medical Devices,Medical Sensor,10,112.69,-4.4,48.87,100.0,109.3,42.12,171.67,0,88.01,0.95
2025-03,Medical Devices,Monitoring Device,1,160.54,-4.14,70.03,100.0,109.3,40.28,257.51,0,100.0,1.06
2025-03,Medical Devices,Monitoring Device,2,133.55,-11.14,68.02,100.0,109.3,41.91,85.84,0,88.91,1.02
2025-03,Medical Devices,Monitoring Device,10,100.73,-9.3,58.76,100.0,109.3,41.21,85.84,0,77.93,0.95
2025-03,Services,Service Contract,3,180.0,0.0,42.57,100.0,109.3,41.11,171.67,0,100.0,1.09
2025-03,Services,Service Contract,8,180.0,0.0,51.5,100.0,109.3,39.98,42.92,0,100.0,1.07
2025-03,Services,Service Contract,9,180.0,0.0,54.97,100.0,109.3,42.19,42.92,0,100.0,1.12
2025-03,IT Devices,Tablet Enterprise,2,148.16,-8.27,61.86,100.0,109.3,41.68,128.76,0,99.4,1.02
2025-03,IT Devices,Tablet Enterprise,5,136.1,-2.89,66.38,100.0,109.3,42.35,42.92,0,80.36,0.97
2025-03,IT Devices,Tablet Enterprise,8,180.0,0.0,66.19,100.0,109.3,41.05,171.67,0,100.0,1.07
2025-04,Accessories,Accessory Kit,6,180.0,0.0,45.6,100.0,109.93,46.4,258.62,0,100.0,1.14
2025-04,Accessories,Accessory Kit,8,151.91,0.99,54.61,100.0,109.93,40.79,0.0,0,79.63,1.07
2025-04,Industrial Tech,Industrial Scanner,3,169.79,13.86,70.33,100.0,109.93,40.19,86.21,0,100.0,1.09
2025-04,Industrial Tech,Industrial Scanner,7,131.69,-4.0,51.26,100.0,109.93,42.73,43.1,0,81.9,1.04
2025-04,Industrial Tech,Industrial Scanner,8,148.49,-3.4,52.96,100.0,109.93,40.59,172.41,0,100.0,1.07
2025-04,IT Devices,Laptop Pro,3,180.0,0.0,60.15,100.0,109.93,39.78,129.31,0,100.0,1.09
2025-04,IT Devices,Laptop Pro,4,134.82,6.59,52.49,100.0,109.93,41.33,86.21,0,93.01,1.01
2025-04,IT Devices,Laptop Pro,5,113.82,-0.65,39.1,100.0,109.93,42.06,0.0,0,67.62,0.97
2025-04,IT Devices,Laptop Pro,8,164.15,-8.77,65.54,100.0,109.93,41.54,43.1,0,91.92,1.07
2025-04,Medical Devices,Medical Sensor,1,180.0,0.0,56.13,100.0,109.93,40.16,86.21,0,100.0,1.06
2025-04,Medical Devices,Medical Sensor,8,180.0,0.0,54.83,100.0,109.93,40.6,43.1,0,100.0,1.07
2025-04,Services,Service Contract,1,180.0,0.0,46.24,100.0,109.93,40.62,300.0,0,100.0,1.06
2025-04,Services,Service Contract,4,157.24,-12.64,53.13,100.0,109.93,42.09,0.0,0,81.89,1.01
2025-04,Services,Service Contract,5,144.54,0.35,50.79,100.0,109.93,41.0,0.0,0,77.49,0.97
2025-04,IT Devices,Tablet Enterprise,6,180.0,0.0,60.03,100.0,109.93,40.97,258.62,0,100.0,1.14
2025-04,IT Devices,Tablet Enterprise,8,180.0,0.0,66.41,100.0,109.93,41.32,86.21,0,100.0,1.07
2025-04,IT Devices,Tablet Enterprise,9,180.0,0.0,55.08,100.0,109.93,41.22,0.0,0,90.7,1.12
2025-05,Accessories,Accessory Kit,5,98.55,-3.04,38.24,100.0,111.05,40.41,74.91,0,79.17,0.97
2025-05,Accessories,Accessory Kit,8,141.88,-6.6,49.72,100.0,111.05,41.13,74.91,0,93.87,1.07
2025-05,Components,Connectivity Module,2,180.0,0.0,46.35,100.0,111.05,39.93,37.45,0,100.0,1.02
2025-05,Components,Connectivity Module,10,149.88,-5.7,58.43,100.0,111.05,40.97,149.81,0,100.0,0.95
2025-05,Industrial Tech,Industrial Scanner,7,138.85,5.44,51.74,100.0,111.05,41.61,149.81,0,97.91,1.04
2025-05,Industrial Tech,Industrial Scanner,8,141.93,-4.42,55.58,100.0,111.05,40.95,187.27,0,98.4,1.07
2025-05,Industrial Tech,Industrial Scanner,9,180.0,0.0,62.47,100.0,111.05,40.76,112.36,0,100.0,1.12
2025-05,Medical Devices,Medical Sensor,4,152.69,-1.51,65.41,100.0,111.05,40.22,112.36,0,100.0,1.01
2025-05,Medical Devices,Medical Sensor,10,113.25,-9.16,44.76,100.0,111.05,41.99,74.91,0,83.38,0.95
2025-05,Medical Devices,Monitoring Device,9,180.0,0.0,63.32,100.0,111.05,40.97,37.45,0,97.54,1.12
2025-05,Medical Devices,Monitoring Device,10,103.08,1.11,55.52,100.0,111.05,38.03,0.0,0,60.31,0.95
2025-05,Services,Service Contract,8,180.0,0.0,53.24,100.0,111.05,40.87,187.27,0,100.0,1.07
2025-05,IT Devices,Tablet Enterprise,5,130.91,-0.23,58.9,100.0,111.05,41.16,187.27,0,93.23,0.97
2025-05,IT Devices,Tablet Enterprise,10,125.25,14.99,61.23,100.0,111.05,40.05,0.0,0,67.62,0.95
2025-06,Accessories,Accessory Kit,4,120.35,1.06,52.12,100.0,111.99,40.1,123.46,0,90.66,1.01
2025-06,Accessories,Accessory Kit,5,102.22,3.72,40.38,100.0,111.99,39.66,123.46,0,86.06,0.97
2025-06,Accessories,Accessory Kit,8,151.42,6.72,56.39,100.0,111.99,42.4,41.15,0,88.27,1.07
2025-06,Components,Connectivity Module,5,150.75,-11.01,51.59,100.0,111.99,41.17,41.15,0,89.24,0.97
2025-06,Components,Connectivity Module,8,180.0,0.0,57.95,100.0,111.99,42.12,41.15,0,99.4,1.07
2025-06,Industrial Tech,Industrial Scanner,1,143.93,1.47,55.4,100.0,111.99,41.66,123.46,0,99.14,1.06
2025-06,Industrial Tech,Industrial Scanner,4,124.59,-2.23,37.84,100.0,111.99,41.77,82.3,0,91.18,1.01
2025-06,IT Devices,Laptop Pro,3,180.0,1.65,60.5,100.0,111.99,40.89,82.3,0,100.0,1.09
2025-06,IT Devices,Laptop Pro,6,180.0,0.0,61.9,100.0,111.99,42.02,205.76,0,100.0,1.14
2025-06,IT Devices,Laptop Pro,7,154.89,-6.05,62.19,100.0,111.99,40.47,82.3,0,98.13,1.04
2025-06,IT Devices,Laptop Standard,8,130.11,-1.73,52.12,100.0,111.99,39.91,164.61,0,94.59,1.07
2025-06,Legacy Products,Legacy Workstation,1,62.33,-3.51,63.58,100.0,111.99,39.82,41.15,0,51.44,1.06
2025-06,Legacy Products,Legacy Workstation,7,54.76,-3.01,57.77,100.0,111.99,40.35,0.0,0,40.14,1.04
2025-06,Legacy Products,Legacy Workstation,10,48.1,14.52,45.74,100.0,111.99,42.24,164.61,0,62.84,0.95
2025-06,Medical Devices,Medical Sensor,1,180.0,0.0,51.13,100.0,111.99,40.41,82.3,0,100.0,1.06
2025-06,Medical Devices,Medical Sensor,4,153.74,0.69,63.14,100.0,111.99,40.6,41.15,0,87.98,1.01
2025-06,Medical Devices,Monitoring Device,3,180.0,3.03,66.14,100.0,111.99,41.74,205.76,0,100.0,1.09
2025-06,Medical Devices,Monitoring Device,9,180.0,0.0,57.45,100.0,111.99,40.04,82.3,0,100.0,1.12
2025-06,Services,Service Contract,8,180.0,0.0,62.4,100.0,111.99,42.31,41.15,0,98.39,1.07
2025-06,IT Devices,Tablet Enterprise,5,124.83,-4.64,61.3,100.0,111.99,40.66,164.61,0,90.35,0.97
2025-06,IT Devices,Tablet Enterprise,8,180.0,0.0,69.09,100.0,111.99,40.88,41.15,0,97.13,1.07
2025-07,Accessories,Accessory Kit,6,149.87,-16.74,47.88,82.0,110.2,41.58,300.0,0,100.0,1.14
2025-07,Accessories,Accessory Kit,7,107.85,-21.3,62.03,82.0,110.2,52.42,0.0,0,58.63,1.04
2025-07,Accessories,Accessory Kit,9,144.84,-19.53,55.25,82.0,110.2,43.33,0.0,0,76.28,1.12
2025-07,Components,Connectivity Module,1,180.0,0.0,66.65,82.0,110.2,40.95,269.23,0,100.0,1.06
2025-07,Components,Connectivity Module,8,180.0,0.0,65.24,82.0,110.2,41.67,38.46,0,97.24,1.07
2025-07,Components,Connectivity Module,10,128.5,-13.96,60.6,82.0,110.2,40.78,76.92,0,86.64,0.95
2025-07,Industrial Tech,Industrial Scanner,3,139.0,-16.67,66.29,82.0,110.2,42.73,153.85,0,94.61,1.09
2025-07,Industrial Tech,Industrial Scanner,6,169.43,-5.87,50.52,82.0,110.2,41.1,153.85,0,100.0,1.14
2025-07,IT Devices,Laptop Pro,4,110.45,-20.38,56.37,82.0,110.2,40.14,192.31,0,85.76,1.01
2025-07,IT Devices,Laptop Standard,3,120.17,-12.69,56.9,82.0,110.2,42.48,0.0,0,66.18,1.09
2025-07,IT Devices,Laptop Standard,5,78.15,-21.35,64.62,82.0,110.2,41.06,38.46,0,56.73,0.97
2025-07,Legacy Products,Legacy Workstation,2,45.01,-33.51,61.34,82.0,110.2,41.18,115.38,0,58.33,1.02
2025-07,Legacy Products,Legacy Workstation,7,52.29,-4.51,55.56,82.0,110.2,43.36,0.0,0,39.19,1.04
2025-07,Legacy Products,Legacy Workstation,9,58.33,-26.37,68.82,82.0,110.2,40.47,0.0,0,39.12,1.12
2025-07,Medical Devices,Monitoring Device,1,140.38,-15.51,49.95,82.0,110.2,42.39,115.38,0,98.8,1.06
2025-07,Medical Devices,Monitoring Device,7,127.33,-13.68,59.36,82.0,110.2,43.92,0.0,0,68.28,1.04
2025-07,Medical Devices,Monitoring Device,8,137.59,-15.28,52.56,82.0,110.2,40.12,76.92,0,92.15,1.07
2025-07,Medical Devices,Monitoring Device,9,180.0,0.0,56.64,82.0,110.2,40.38,38.46,0,99.33,1.12
2025-07,Services,Service Contract,5,119.94,-15.7,53.23,82.0,110.2,43.08,38.46,0,75.65,0.97
2025-07,Services,Service Contract,7,165.24,-8.2,65.53,82.0,110.2,41.4,38.46,0,91.31,1.04
2025-07,IT Devices,Tablet Enterprise,1,160.21,-10.99,57.43,82.0,110.2,41.55,192.31,0,100.0,1.06
2025-07,IT Devices,Tablet Enterprise,5,117.53,-5.85,58.6,82.0,110.2,41.0,76.92,0,82.66,0.97
2025-08,Accessories,Accessory Kit,9,136.55,-5.72,60.68,82.0,109.62,42.29,0.0,0,71.93,1.12
2025-08,Components,Connectivity Module,1,180.0,0.0,61.01,82.0,109.62,40.14,69.93,0,100.0,1.06
2025-08,Components,Connectivity Module,8,180.0,0.0,65.59,82.0,109.62,39.23,34.97,0,96.73,1.07
2025-08,Industrial Tech,Industrial Scanner,2,103.76,-5.32,58.87,82.0,109.62,41.56,104.9,0,82.32,1.02
2025-08,IT Devices,Laptop Pro,8,144.32,-1.67,58.83,82.0,109.62,39.38,69.93,0,91.96,1.07
2025-08,IT Devices,Laptop Standard,7,94.81,-2.31,55.44,82.0,109.62,41.97,34.97,0,64.47,1.04
2025-08,IT Devices,Laptop Standard,10,63.71,-19.24,57.11,82.0,109.62,40.17,0.0,0,43.89,0.95
2025-08,Legacy Products,Legacy Workstation,1,51.36,-5.45,62.87,82.0,109.62,41.14,209.79,0,60.54,1.06
2025-08,Services,Service Contract,2,149.97,5.67,52.96,82.0,109.62,41.88,279.72,0,100.0,1.02
2025-08,Services,Service Contract,5,112.93,-5.84,58.77,82.0,109.62,41.2,69.93,0,79.15,0.97
2025-08,Services,Service Contract,10,106.81,0.55,59.84,82.0,109.62,41.99,0.0,0,60.26,0.95
2025-08,IT Devices,Tablet Enterprise,6,180.0,0.0,60.86,82.0,109.62,40.94,139.86,0,100.0,1.14
2025-09,Accessories,Accessory Kit,5,93.16,10.26,47.54,100.0,110.07,41.96,222.22,0,80.51,0.97
2025-09,Accessories,Accessory Kit,8,141.47,17.58,59.13,100.0,110.07,40.08,44.44,0,84.79,1.07
2025-09,Components,Connectivity Module,5,160.97,13.66,47.58,100.0,110.07,40.48,177.78,0,100.0,0.97
2025-09,Industrial Tech,Industrial Scanner,5,93.76,8.04,57.06,100.0,110.07,39.74,44.44,0,66.21,0.97
2025-09,IT Devices,Laptop Pro,8,171.32,18.71,50.53,100.0,110.07,48.78,133.33,0,100.0,1.07
2025-09,Medical Devices,Medical Sensor,4,154.1,-2.17,62.73,100.0,110.07,40.4,44.44,0,89.0,1.01
2025-09,Medical Devices,Medical Sensor,10,128.03,30.72,53.63,100.0,110.07,41.35,44.44,0,80.43,0.95
2025-09,Medical Devices,Monitoring Device,10,109.42,22.13,74.78,100.0,110.07,41.86,88.89,0,78.48,0.95
2025-09,Services,Service Contract,4,169.07,20.68,52.26,100.0,110.07,41.47,0.0,0,86.91,1.01
2025-09,IT Devices,Tablet Enterprise,6,180.0,0.0,58.95,100.0,110.07,40.95,222.22,0,100.0,1.14
2025-10,Accessories,Accessory Kit,3,180.0,13.78,56.0,130.0,111.07,41.07,145.99,0,100.0,1.09
2025-10,Accessories,Accessory Kit,5,146.82,50.0,53.59,130.0,111.07,40.3,109.49,0,100.0,0.97
2025-10,Components,Connectivity Module,10,180.0,25.5,54.05,130.0,111.07,40.65,72.99,0,100.0,0.95
2025-10,Industrial Tech,Industrial Scanner,6,180.0,0.0,43.65,130.0,111.07,40.95,145.99,0,100.0,1.14
2025-10,Industrial Tech,Industrial Scanner,7,180.0,32.5,50.09,130.0,111.07,40.44,0.0,0,91.91,1.04
2025-10,Industrial Tech,Industrial Scanner,9,180.0,0.0,57.04,130.0,111.07,40.93,0.0,1,90.31,1.12
2025-10,IT Devices,Laptop Pro,6,180.0,0.0,56.78,130.0,111.07,41.11,145.99,0,100.0,1.14
2025-10,IT Devices,Laptop Standard,3,171.16,21.97,57.74,130.0,111.07,41.45,109.49,0,100.0,1.09
2025-10,IT Devices,Laptop Standard,10,86.76,19.69,52.7,130.0,111.07,40.18,36.5,0,62.48,0.95
2025-10,Legacy Products,Legacy Workstation,4,80.51,50.0,55.38,130.0,111.07,41.01,72.99,0,67.66,1.01
2025-10,Legacy Products,Legacy Workstation,5,55.04,29.78,54.79,130.0,111.07,40.17,72.99,0,57.72,0.97
2025-10,Medical Devices,Medical Sensor,2,180.0,5.49,57.73,130.0,111.07,40.65,0.0,0,90.2,1.02
2025-10,Medical Devices,Monitoring Device,2,180.0,29.22,61.95,130.0,111.07,40.07,300.0,0,100.0,1.02
2025-10,Medical Devices,Monitoring Device,3,180.0,0.0,64.07,130.0,111.07,40.97,182.48,0,100.0,1.09
2025-10,Medical Devices,Monitoring Device,6,180.0,0.0,47.88,130.0,111.07,42.24,0.0,0,92.13,1.14
2025-10,Medical Devices,Monitoring Device,7,180.0,16.35,46.91,130.0,111.07,40.92,72.99,0,100.0,1.04
2025-10,Services,Service Contract,7,180.0,0.0,53.84,130.0,111.07,40.62,109.49,1,100.0,1.04
2025-10,IT Devices,Tablet Enterprise,1,180.0,0.0,56.19,130.0,111.07,41.45,218.98,0,100.0,1.06
2025-10,IT Devices,Tablet Enterprise,9,180.0,0.0,55.31,130.0,111.07,40.56,145.99,0,100.0,1.12
2025-11,Accessories,Accessory Kit,7,180.0,0.87,61.05,130.0,110.36,41.25,129.87,0,100.0,1.04
2025-11,Accessories,Accessory Kit,9,180.0,0.0,59.38,130.0,110.36,40.61,86.58,0,100.0,1.12
2025-11,Accessories,Accessory Kit,10,136.92,16.28,53.9,130.0,110.36,40.57,43.29,0,83.78,0.95
2025-11,Industrial Tech,Industrial Scanner,4,163.61,8.98,45.27,130.0,110.36,39.41,86.58,0,100.0,1.01
2025-11,Industrial Tech,Industrial Scanner,5,133.79,6.02,41.37,130.0,110.36,41.04,173.16,0,98.26,0.97
2025-11,IT Devices,Laptop Pro,2,180.0,0.0,61.62,130.0,110.36,40.96,86.58,0,100.0,1.02
2025-11,IT Devices,Laptop Pro,3,180.0,0.0,59.98,130.0,110.36,39.57,216.45,0,100.0,1.09
2025-11,IT Devices,Laptop Pro,5,153.44,6.32,60.44,130.0,110.36,41.26,129.87,0,100.0,0.97
2025-11,IT Devices,Laptop Pro,9,180.0,0.0,54.89,130.0,110.36,41.72,86.58,0,100.0,1.12
2025-11,IT Devices,Laptop Standard,4,131.5,-3.63,64.62,130.0,110.36,40.52,43.29,0,79.26,1.01
2025-11,Medical Devices,Medical Sensor,1,180.0,0.0,57.02,130.0,110.36,40.2,173.16,0,100.0,1.06
2025-11,Medical Devices,Medical Sensor,4,180.0,0.0,62.99,130.0,110.36,42.49,86.58,0,100.0,1.01
2025-11,Medical Devices,Medical Sensor,6,180.0,0.0,50.33,130.0,110.36,41.47,216.45,0,100.0,1.14
2025-11,Medical Devices,Monitoring Device,1,180.0,0.0,52.39,130.0,110.36,40.98,216.45,0,100.0,1.06
2025-11,Medical Devices,Monitoring Device,3,180.0,0.0,55.39,130.0,110.36,40.18,86.58,0,100.0,1.09
2025-11,Medical Devices,Monitoring Device,9,180.0,0.0,69.68,130.0,110.36,41.7,0.0,1,87.41,1.12
2025-12,Accessories,Accessory Kit,3,180.0,0.0,51.27,130.0,109.54,41.51,194.55,0,100.0,1.09
2025-12,Accessories,Accessory Kit,4,146.77,-10.13,59.09,130.0,109.54,40.92,155.64,0,99.57,1.01
2025-12,Accessories,Accessory Kit,10,131.49,-3.97,46.88,130.0,109.54,40.25,77.82,0,91.14,0.95
2025-12,Components,Connectivity Module,10,180.0,0.0,52.83,130.0,109.54,43.2,38.91,0,99.85,0.95
2025-12,Industrial Tech,Industrial Scanner,3,180.0,0.0,61.62,130.0,109.54,39.1,38.91,0,98.53,1.09
2025-12,Industrial Tech,Industrial Scanner,5,143.58,7.32,36.15,130.0,109.54,40.07,38.91,0,89.42,0.97
2025-12,Industrial Tech,Industrial Scanner,6,180.0,0.0,36.2,130.0,109.54,40.77,77.82,0,100.0,1.14
2025-12,IT Devices,Laptop Pro,1,180.0,0.0,56.42,130.0,109.54,40.49,300.0,0,100.0,1.06
2025-12,IT Devices,Laptop Pro,5,154.29,0.55,57.36,130.0,109.54,40.4,77.82,0,97.94,0.97
2025-12,IT Devices,Laptop Standard,7,146.82,-5.34,54.01,130.0,109.54,42.42,38.91,0,86.43,1.04
2025-12,Legacy Products,Legacy Workstation,2,60.49,-6.17,57.57,130.0,109.54,41.04,116.73,0,65.37,1.02
2025-12,Medical Devices,Monitoring Device,6,180.0,0.0,49.51,130.0,109.54,40.59,38.91,0,100.0,1.14
2025-12,IT Devices,Tablet Enterprise,1,180.0,0.0,56.59,130.0,109.54,40.29,38.91,0,99.46,1.06
2025-12,IT Devices,Tablet Enterprise,4,180.0,0.0,54.6,130.0,109.54,40.43,116.73,0,100.0,1.01
