year_month,product_id,region_id,campaign_flag,campaign_channel,campaign_spend_eur,campaign_impressions,campaign_clicks,campaign_ctr_pct,website_visits,product_page_views,demo_requests,marketing_qualified_leads,cost_per_lead_eur,regional_crm_activity_index,pipeline_interest_index
2021-01,1000,6,0,No Active Campaign,0.0,0,0,0.0,272,391,1,1,,159.74,119.52
2021-01,1012,3,0,No Active Campaign,0.0,0,0,0.0,272,662,4,4,,99.04,79.68
2021-01,1032,2,0,No Active Campaign,0.0,0,0,0.0,281,386,1,3,,107.03,199.2
2021-01,1032,8,0,No Active Campaign,0.0,0,0,0.0,249,633,2,2,,86.26,79.68
2021-01,1047,2,0,No Active Campaign,0.0,0,0,0.0,218,594,3,3,,107.03,39.84
2021-01,1050,6,0,No Active Campaign,0.0,0,0,0.0,241,446,0,0,,159.74,159.36
2021-01,1056,9,1,Trade Fair,1903.84,39310,1080,2.747,1207,3186,23,93,20.47,46.33,199.2
2021-01,1062,1,0,No Active Campaign,0.0,0,0,0.0,233,600,5,5,,194.89,119.52
2021-01,1087,2,1,Paid Search,10411.88,192691,4754,2.467,4256,5332,57,333,31.27,107.03,239.04
2021-01,1089,10,1,Trade Fair,1685.11,43080,1019,2.365,1176,1572,16,74,22.77,62.3,119.52
2021-01,1124,8,0,No Active Campaign,0.0,0,0,0.0,168,212,1,1,,86.26,119.52
2021-01,1156,3,0,No Active Campaign,0.0,0,0,0.0,138,310,1,1,,99.04,0.0
2021-01,1177,5,0,No Active Campaign,0.0,0,0,0.0,124,339,0,0,,105.43,0.0
2021-01,1180,5,0,No Active Campaign,0.0,0,0,0.0,254,454,2,3,,105.43,119.52
2021-02,1021,1,0,No Active Campaign,0.0,0,0,0.0,174,422,0,0,,205.66,300.0
2021-02,1086,9,0,No Active Campaign,0.0,0,0,0.0,272,563,6,6,,67.92,44.84
2021-02,1087,6,0,No Active Campaign,0.0,0,0,0.0,295,488,2,3,,135.85,179.37
2021-02,1103,1,0,No Active Campaign,0.0,0,0,0.0,279,667,12,12,,205.66,134.53
2021-02,1124,9,0,No Active Campaign,0.0,0,0,0.0,252,690,3,3,,67.92,44.84
2021-02,1129,8,0,No Active Campaign,0.0,0,0,0.0,170,279,0,1,,77.36,89.69
2021-02,1164,9,0,No Active Campaign,0.0,0,0,0.0,193,444,3,3,,67.92,44.84
2021-02,1167,6,0,No Active Campaign,0.0,0,0,0.0,186,491,1,1,,135.85,44.84
2021-02,1173,3,0,No Active Campaign,0.0,0,0,0.0,188,418,4,6,,96.23,224.22
2021-02,1187,1,0,No Active Campaign,0.0,0,0,0.0,213,555,3,3,,205.66,179.37
2021-02,1190,10,1,Email,2431.36,61320,1512,2.466,1637,2126,38,145,16.77,54.72,134.53
2021-03,1012,9,0,No Active Campaign,0.0,0,0,0.0,225,583,2,2,,56.86,0.0
2021-03,1015,9,0,No Active Campaign,0.0,0,0,0.0,286,621,1,1,,56.86,0.0
2021-03,1021,7,0,No Active Campaign,0.0,0,0,0.0,215,307,0,1,,48.49,0.0
2021-03,1021,8,0,No Active Campaign,0.0,0,0,0.0,227,544,3,4,,78.6,109.09
2021-03,1027,8,0,No Active Campaign,0.0,0,0,0.0,250,356,3,3,,78.6,109.09
2021-03,1031,6,1,Webinar,9955.13,215599,5172,2.399,6015,11570,56,352,28.28,153.85,109.09
2021-03,1034,9,0,No Active Campaign,0.0,0,0,0.0,252,385,2,2,,56.86,72.73
2021-03,1059,5,0,No Active Campaign,0.0,0,0,0.0,254,358,1,2,,93.65,72.73
2021-03,1073,2,0,No Active Campaign,0.0,0,0,0.0,227,621,9,9,,112.04,145.45
2021-03,1082,8,0,No Active Campaign,0.0,0,0,0.0,301,715,6,8,,78.6,36.36
2021-03,1087,6,0,No Active Campaign,0.0,0,0,0.0,273,610,9,10,,153.85,145.45
2021-03,1089,3,0,No Active Campaign,0.0,0,0,0.0,241,429,5,5,,115.38,36.36
2021-03,1089,9,0,No Active Campaign,0.0,0,0,0.0,236,542,4,4,,56.86,72.73
2021-03,1096,2,1,Paid Search,8328.83,196526,4532,2.306,4850,12610,183,419,19.88,112.04,254.55
2021-03,1097,5,0,No Active Campaign,0.0,0,0,0.0,271,368,3,3,,93.65,36.36
2021-03,1117,7,0,No Active Campaign,0.0,0,0,0.0,236,451,7,7,,48.49,0.0
2021-03,1151,3,1,Paid Search,2383.73,62746,1683,2.682,1707,2485,15,118,20.2,115.38,181.82
2021-03,1184,1,0,No Active Campaign,0.0,0,0,0.0,267,577,3,4,,207.36,254.55
2021-03,1193,8,0,No Active Campaign,0.0,0,0,0.0,186,512,7,7,,78.6,72.73
2021-03,1194,1,0,No Active Campaign,0.0,0,0,0.0,292,651,11,11,,207.36,254.55
2021-04,1000,10,0,No Active Campaign,0.0,0,0,0.0,259,700,3,3,,46.31,0.0
2021-04,1021,6,0,No Active Campaign,0.0,0,0,0.0,258,669,0,0,,144.08,121.46
2021-04,1034,7,1,Content,3719.38,67761,1268,1.871,1440,2100,9,91,40.87,72.04,40.49
2021-04,1045,3,0,No Active Campaign,0.0,0,0,0.0,201,254,2,2,,89.19,0.0
2021-04,1048,7,0,No Active Campaign,0.0,0,0,0.0,215,564,3,4,,72.04,80.97
2021-04,1052,10,1,Webinar,3464.75,68225,1395,2.045,1476,3243,25,112,30.94,46.31,0.0
2021-04,1104,7,0,No Active Campaign,0.0,0,0,0.0,275,627,6,6,,72.04,80.97
2021-04,1127,4,0,No Active Campaign,0.0,0,0,0.0,187,391,1,2,,89.19,40.49
2021-04,1142,6,0,No Active Campaign,0.0,0,0,0.0,228,501,1,1,,144.08,80.97
2021-04,1142,10,0,No Active Campaign,0.0,0,0,0.0,247,353,1,2,,46.31,40.49
2021-04,1145,10,0,No Active Campaign,0.0,0,0,0.0,251,691,0,0,,46.31,40.49
2021-04,1156,1,0,No Active Campaign,0.0,0,0,0.0,230,510,3,3,,198.97,121.46
2021-04,1186,2,1,Content,5816.42,101251,2413,2.383,2271,5798,81,215,27.05,99.49,202.43
2021-04,1194,9,1,Email,6854.44,208378,5358,2.571,6436,8793,132,418,16.4,70.33,40.49
2021-04,1199,6,0,No Active Campaign,0.0,0,0,0.0,229,501,6,7,,144.08,300.0
2021-05,1000,6,0,No Active Campaign,0.0,0,0,0.0,232,478,2,3,,127.69,188.68
2021-05,1005,2,0,No Active Campaign,0.0,0,0,0.0,234,559,0,0,,107.79,37.74
2021-05,1017,10,0,No Active Campaign,0.0,0,0,0.0,286,668,4,4,,51.41,113.21
2021-05,1027,2,0,No Active Campaign,0.0,0,0,0.0,240,656,2,2,,107.79,0.0
2021-05,1044,4,0,No Active Campaign,0.0,0,0,0.0,215,485,4,4,,104.48,0.0
2021-05,1046,10,0,No Active Campaign,0.0,0,0,0.0,270,393,3,3,,51.41,37.74
2021-05,1049,8,0,No Active Campaign,0.0,0,0,0.0,221,578,3,3,,72.97,226.42
2021-05,1053,8,0,No Active Campaign,0.0,0,0,0.0,258,502,0,0,,72.97,226.42
2021-05,1081,8,0,No Active Campaign,0.0,0,0,0.0,268,703,5,5,,72.97,37.74
2021-05,1101,6,0,No Active Campaign,0.0,0,0,0.0,262,576,6,6,,127.69,75.47
2021-05,1123,9,0,No Active Campaign,0.0,0,0,0.0,139,191,0,0,,74.63,0.0
2021-05,1126,5,0,No Active Campaign,0.0,0,0,0.0,178,352,1,2,,109.45,75.47
2021-05,1143,7,0,No Active Campaign,0.0,0,0,0.0,259,324,1,1,,56.38,37.74
2021-05,1144,2,0,No Active Campaign,0.0,0,0,0.0,226,413,3,3,,107.79,150.94
2021-05,1145,7,0,No Active Campaign,0.0,0,0,0.0,200,387,1,2,,56.38,37.74
2021-05,1158,6,0,No Active Campaign,0.0,0,0,0.0,244,567,1,1,,127.69,113.21
2021-05,1186,10,1,Email,2132.09,44775,1129,2.521,1221,2033,32,84,25.38,51.41,113.21
2021-05,1190,6,1,Webinar,3893.95,81306,2070,2.546,2135,4147,71,187,20.82,127.69,188.68
2021-06,1001,8,0,No Active Campaign,0.0,0,0,0.0,271,714,3,3,,60.0,127.66
2021-06,1005,5,0,No Active Campaign,0.0,0,0,0.0,270,588,0,0,,107.27,170.21
2021-06,1036,4,0,No Active Campaign,0.0,0,0,0.0,236,498,0,1,,89.09,127.66
2021-06,1060,9,0,No Active Campaign,0.0,0,0,0.0,199,363,6,6,,69.09,85.11
2021-06,1065,10,0,No Active Campaign,0.0,0,0,0.0,231,612,5,6,,41.82,85.11
2021-06,1084,1,0,No Active Campaign,0.0,0,0,0.0,339,510,4,5,,227.27,170.21
2021-06,1084,8,0,No Active Campaign,0.0,0,0,0.0,271,565,3,3,,60.0,127.66
2021-06,1085,7,0,No Active Campaign,0.0,0,0,0.0,241,550,8,9,,69.09,85.11
2021-06,1094,5,0,No Active Campaign,0.0,0,0,0.0,254,447,5,5,,107.27,85.11
2021-06,1101,9,1,Paid Search,4365.86,63331,1470,2.321,1746,2307,33,127,34.38,69.09,85.11
2021-06,1112,2,0,No Active Campaign,0.0,0,0,0.0,214,326,1,1,,67.27,85.11
2021-06,1120,3,0,No Active Campaign,0.0,0,0,0.0,163,355,2,2,,105.45,212.77
2021-06,1127,10,0,No Active Campaign,0.0,0,0,0.0,188,407,0,0,,41.82,42.55
2021-06,1128,10,0,No Active Campaign,0.0,0,0,0.0,218,534,8,8,,41.82,42.55
2021-06,1159,9,0,No Active Campaign,0.0,0,0,0.0,241,589,3,3,,69.09,85.11
2021-06,1190,7,1,Email,1588.47,26681,524,1.964,664,1624,31,65,24.44,69.09,42.55
2021-06,1192,8,0,No Active Campaign,0.0,0,0,0.0,203,557,7,7,,60.0,42.55
2021-07,1019,2,0,No Active Campaign,0.0,0,0,0.0,258,585,1,1,,102.29,81.63
2021-07,1031,6,0,No Active Campaign,0.0,0,0,0.0,205,424,1,1,,135.8,122.45
2021-07,1042,1,1,Trade Fair,1865.18,34433,717,2.082,850,1595,5,63,29.61,215.17,40.82
2021-07,1049,8,0,No Active Campaign,0.0,0,0,0.0,215,417,1,1,,88.18,40.82
2021-07,1066,8,0,No Active Campaign,0.0,0,0,0.0,165,322,3,3,,88.18,0.0
2021-07,1067,4,0,No Active Campaign,0.0,0,0,0.0,208,264,5,5,,105.82,122.45
2021-07,1080,5,0,No Active Campaign,0.0,0,0,0.0,230,523,6,7,,84.66,81.63
2021-07,1090,2,0,No Active Campaign,0.0,0,0,0.0,247,671,10,10,,102.29,163.27
2021-07,1093,2,0,No Active Campaign,0.0,0,0,0.0,219,546,5,5,,102.29,163.27
2021-07,1105,2,0,No Active Campaign,0.0,0,0,0.0,251,545,6,6,,102.29,204.08
2021-07,1128,4,0,No Active Campaign,0.0,0,0,0.0,170,330,0,1,,105.82,81.63
2021-07,1146,8,0,No Active Campaign,0.0,0,0,0.0,211,469,0,0,,88.18,40.82
2021-07,1159,4,0,No Active Campaign,0.0,0,0,0.0,214,520,1,2,,105.82,122.45
2021-07,1160,7,0,No Active Campaign,0.0,0,0,0.0,104,224,0,0,,54.67,81.63
2021-07,1161,4,0,No Active Campaign,0.0,0,0,0.0,181,333,1,2,,105.82,81.63
2021-07,1191,7,0,No Active Campaign,0.0,0,0,0.0,242,480,5,5,,54.67,40.82
2021-08,1002,4,0,No Active Campaign,0.0,0,0,0.0,220,340,3,5,,83.62,80.97
2021-08,1041,9,1,Webinar,2527.21,65832,1504,2.285,1719,2430,10,112,22.56,76.66,80.97
2021-08,1057,2,1,Trade Fair,10561.55,281139,7117,2.531,7796,21032,179,568,18.59,94.08,121.46
2021-08,1059,3,1,Webinar,3693.36,96023,2012,2.095,2348,4016,23,142,26.01,106.27,121.46
2021-08,1080,1,1,Webinar,1595.69,26032,655,2.516,810,1484,17,50,31.91,202.09,40.49
2021-08,1087,9,1,Email,5532.04,81111,1876,2.313,2227,4288,39,143,38.69,76.66,80.97
2021-08,1093,6,0,No Active Campaign,0.0,0,0,0.0,256,360,2,2,,149.83,161.94
2021-08,1153,9,0,No Active Campaign,0.0,0,0,0.0,211,509,0,0,,76.66,40.49
2021-08,1160,5,0,No Active Campaign,0.0,0,0,0.0,125,215,1,2,,106.27,40.49
2021-08,1193,7,0,No Active Campaign,0.0,0,0,0.0,197,281,1,2,,52.26,40.49
2021-09,1004,9,0,No Active Campaign,0.0,0,0,0.0,258,450,0,0,,58.14,0.0
2021-09,1014,4,1,Trade Fair,4913.23,105203,2225,2.115,2877,6205,49,155,31.7,76.41,43.48
2021-09,1041,10,0,No Active Campaign,0.0,0,0,0.0,239,353,3,4,,41.53,0.0
2021-09,1051,2,0,No Active Campaign,0.0,0,0,0.0,254,598,4,5,,98.01,173.91
2021-09,1051,10,0,No Active Campaign,0.0,0,0,0.0,234,608,9,9,,41.53,0.0
2021-09,1059,4,0,No Active Campaign,0.0,0,0,0.0,221,527,6,6,,76.41,0.0
2021-09,1064,3,0,No Active Campaign,0.0,0,0,0.0,265,349,2,2,,91.36,217.39
2021-09,1069,1,0,No Active Campaign,0.0,0,0,0.0,259,595,8,8,,214.29,217.39
2021-09,1069,8,0,No Active Campaign,0.0,0,0,0.0,199,286,2,2,,91.36,43.48
2021-09,1073,5,0,No Active Campaign,0.0,0,0,0.0,179,440,6,6,,94.68,130.43
2021-09,1093,9,0,No Active Campaign,0.0,0,0,0.0,278,566,8,9,,58.14,86.96
2021-09,1097,1,1,Partner,8499.16,233689,5264,2.253,5737,11342,159,447,19.01,214.29,260.87
2021-09,1132,10,0,No Active Campaign,0.0,0,0,0.0,191,441,0,0,,41.53,130.43
2021-09,1137,7,0,No Active Campaign,0.0,0,0,0.0,162,228,2,2,,46.51,0.0
2021-09,1160,3,0,No Active Campaign,0.0,0,0,0.0,189,437,4,5,,91.36,43.48
2021-09,1169,4,0,No Active Campaign,0.0,0,0,0.0,169,439,1,2,,76.41,130.43
2021-09,1194,9,0,No Active Campaign,0.0,0,0,0.0,250,627,9,9,,58.14,130.43
2021-10,1002,10,0,No Active Campaign,0.0,0,0,0.0,321,486,3,4,,43.03,37.74
2021-10,1012,3,0,No Active Campaign,0.0,0,0,0.0,342,832,4,4,,91.22,188.68
2021-10,1014,3,0,No Active Campaign,0.0,0,0,0.0,310,540,7,8,,91.22,188.68
2021-10,1044,7,0,No Active Campaign,0.0,0,0,0.0,238,366,2,3,,56.8,37.74
2021-10,1078,3,1,Paid Search,2352.74,34783,972,2.794,1270,2178,34,102,23.07,91.22,113.21
2021-10,1107,8,0,No Active Campaign,0.0,0,0,0.0,280,459,6,8,,70.57,37.74
2021-10,1173,8,0,No Active Campaign,0.0,0,0,0.0,212,547,1,1,,70.57,150.94
2021-10,1191,1,1,Email,5050.95,87945,1985,2.257,2140,5522,73,194,26.04,232.36,300.0
2021-11,1000,4,0,No Active Campaign,0.0,0,0,0.0,316,535,4,4,,101.93,0.0
2021-11,1003,6,0,No Active Campaign,0.0,0,0,0.0,331,507,2,2,,147.63,300.0
2021-11,1020,2,0,No Active Campaign,0.0,0,0,0.0,278,417,1,2,,86.12,79.37
2021-11,1040,6,0,No Active Campaign,0.0,0,0,0.0,329,766,6,7,,147.63,158.73
2021-11,1054,8,0,No Active Campaign,0.0,0,0,0.0,287,372,0,0,,79.09,0.0
2021-11,1063,2,0,No Active Campaign,0.0,0,0,0.0,299,502,4,5,,86.12,39.68
2021-11,1063,5,0,No Active Campaign,0.0,0,0,0.0,249,590,3,3,,87.87,119.05
2021-11,1069,6,0,No Active Campaign,0.0,0,0,0.0,257,563,2,2,,147.63,39.68
2021-11,1072,9,0,No Active Campaign,0.0,0,0,0.0,305,501,4,7,,84.36,79.37
2021-11,1082,10,0,No Active Campaign,0.0,0,0,0.0,265,435,4,5,,38.66,39.68
2021-11,1086,9,0,No Active Campaign,0.0,0,0,0.0,364,480,7,7,,84.36,39.68
2021-11,1113,3,0,No Active Campaign,0.0,0,0,0.0,321,511,7,7,,93.15,39.68
2021-11,1115,3,0,No Active Campaign,0.0,0,0,0.0,360,829,14,14,,93.15,39.68
2021-11,1143,7,0,No Active Campaign,0.0,0,0,0.0,267,555,1,2,,50.97,39.68
2021-11,1156,7,0,No Active Campaign,0.0,0,0,0.0,260,725,4,6,,50.97,39.68
2021-11,1161,1,0,No Active Campaign,0.0,0,0,0.0,192,379,2,2,,230.23,79.37
2021-11,1199,8,1,Paid Search,846.58,18485,501,2.71,829,1393,11,42,20.16,79.09,79.37
2021-12,1003,8,0,No Active Campaign,0.0,0,0,0.0,281,691,1,2,,104.38,82.3
2021-12,1011,8,0,No Active Campaign,0.0,0,0,0.0,309,479,4,5,,104.38,82.3
2021-12,1024,2,0,No Active Campaign,0.0,0,0,0.0,282,578,4,5,,116.16,205.76
2021-12,1039,7,0,No Active Campaign,0.0,0,0,0.0,254,530,2,2,,57.24,82.3
2021-12,1067,3,0,No Active Campaign,0.0,0,0,0.0,246,511,10,10,,101.01,123.46
2021-12,1069,2,0,No Active Campaign,0.0,0,0,0.0,276,771,5,6,,116.16,0.0
2021-12,1085,5,1,Email,5952.71,164229,4192,2.553,3809,6968,91,357,16.67,92.59,123.46
2021-12,1089,9,0,No Active Campaign,0.0,0,0,0.0,360,570,8,10,,60.61,82.3
2021-12,1103,9,1,Paid Search,14077.07,227286,5506,2.422,5678,10234,174,507,27.77,60.61,164.61
2021-12,1106,4,0,No Active Campaign,0.0,0,0,0.0,292,368,6,6,,87.54,205.76
2021-12,1107,7,0,No Active Campaign,0.0,0,0,0.0,316,673,7,7,,57.24,82.3
2021-12,1121,10,0,No Active Campaign,0.0,0,0,0.0,204,357,2,3,,48.82,41.15
2021-12,1128,10,1,Partner,2311.13,52133,1067,2.047,1197,3350,29,89,25.97,48.82,41.15
2021-12,1129,10,0,No Active Campaign,0.0,0,0,0.0,198,369,2,3,,48.82,41.15
2021-12,1161,5,0,No Active Campaign,0.0,0,0,0.0,214,288,2,2,,92.59,82.3
2021-12,1170,6,1,Paid Search,6141.2,138990,3914,2.816,3430,7041,33,255,24.08,143.1,288.07
2021-12,1187,8,0,No Active Campaign,0.0,0,0,0.0,320,737,8,9,,104.38,0.0
2022-01,1022,10,0,No Active Campaign,0.0,0,0,0.0,234,544,6,6,,64.74,75.76
2022-01,1060,2,0,No Active Campaign,0.0,0,0,0.0,241,329,3,4,,120.95,75.76
2022-01,1097,6,0,No Active Campaign,0.0,0,0,0.0,255,549,6,6,,158.43,37.88
2022-01,1120,10,1,Webinar,1372.57,38296,824,2.152,914,1518,10,57,24.08,64.74,113.64
2022-01,1127,9,0,No Active Campaign,0.0,0,0,0.0,207,499,1,3,,63.03,37.88
2022-01,1169,1,0,No Active Campaign,0.0,0,0,0.0,230,583,1,1,,189.1,227.27
2022-01,1186,10,1,Email,4829.74,63638,1475,2.318,1630,3735,52,129,37.44,64.74,75.76
2022-01,1195,5,0,No Active Campaign,0.0,0,0,0.0,223,297,3,4,,91.99,151.52
2022-02,1006,3,1,Partner,5511.59,83156,1939,2.332,2362,3296,13,127,43.4,90.23,84.75
2022-02,1034,2,0,No Active Campaign,0.0,0,0,0.0,233,508,0,1,,105.26,42.37
2022-02,1046,5,0,No Active Campaign,0.0,0,0,0.0,244,391,1,1,,99.62,0.0
2022-02,1060,9,0,No Active Campaign,0.0,0,0,0.0,220,324,3,3,,62.03,84.75
2022-02,1080,9,0,No Active Campaign,0.0,0,0,0.0,302,594,10,11,,62.03,84.75
2022-02,1086,3,0,No Active Campaign,0.0,0,0,0.0,268,721,10,10,,90.23,0.0
2022-02,1090,9,0,No Active Campaign,0.0,0,0,0.0,241,624,6,7,,62.03,84.75
2022-02,1093,10,0,No Active Campaign,0.0,0,0,0.0,226,483,6,6,,62.03,42.37
2022-02,1104,4,1,Trade Fair,3731.87,96184,2201,2.288,2440,4588,68,199,18.75,101.5,169.49
2022-02,1111,1,1,Trade Fair,3499.45,61789,1315,2.128,1515,3100,39,116,30.17,184.21,254.24
2022-02,1139,7,1,Webinar,2198.45,39138,791,2.021,1095,2032,15,75,29.31,60.15,0.0
2022-02,1159,4,0,No Active Campaign,0.0,0,0,0.0,257,582,1,1,,101.5,127.12
2022-02,1160,10,1,Email,1189.75,26155,627,2.397,716,1809,12,45,26.44,62.03,0.0
2022-02,1184,2,0,No Active Campaign,0.0,0,0,0.0,215,270,2,3,,105.26,0.0
2022-02,1199,4,0,No Active Campaign,0.0,0,0,0.0,258,361,2,2,,101.5,127.12
2022-03,1001,2,0,No Active Campaign,0.0,0,0,0.0,262,644,6,7,,94.84,38.17
2022-03,1023,6,0,No Active Campaign,0.0,0,0,0.0,232,407,1,1,,151.41,76.34
2022-03,1040,10,0,No Active Campaign,0.0,0,0,0.0,235,620,9,9,,59.9,76.34
2022-03,1051,10,0,No Active Campaign,0.0,0,0,0.0,234,556,4,4,,59.9,76.34
2022-03,1053,6,0,No Active Campaign,0.0,0,0,0.0,290,743,6,9,,151.41,190.84
2022-03,1073,4,0,No Active Campaign,0.0,0,0,0.0,222,482,4,4,,86.52,76.34
2022-03,1081,5,0,No Active Campaign,0.0,0,0,0.0,257,370,3,3,,83.19,76.34
2022-03,1091,7,1,Partner,6194.94,126229,2773,2.197,3335,8451,143,310,19.98,69.88,114.5
2022-03,1099,5,0,No Active Campaign,0.0,0,0,0.0,239,550,5,6,,83.19,76.34
2022-03,1102,10,0,No Active Campaign,0.0,0,0,0.0,229,624,10,10,,59.9,76.34
2022-03,1104,5,0,No Active Campaign,0.0,0,0,0.0,266,551,5,6,,83.19,76.34
2022-03,1117,5,0,No Active Campaign,0.0,0,0,0.0,268,428,8,8,,83.19,76.34
2022-03,1121,2,0,No Active Campaign,0.0,0,0,0.0,244,523,2,3,,94.84,38.17
2022-03,1135,2,0,No Active Campaign,0.0,0,0,0.0,187,251,0,1,,94.84,38.17
2022-03,1161,4,0,No Active Campaign,0.0,0,0,0.0,117,179,1,1,,86.52,76.34
2022-03,1163,7,0,No Active Campaign,0.0,0,0,0.0,185,327,0,0,,69.88,76.34
2022-04,1006,6,0,No Active Campaign,0.0,0,0,0.0,295,500,1,1,,163.16,300.0
2022-04,1011,9,1,Partner,6900.15,207533,5563,2.681,4744,7354,35,335,20.6,57.89,81.3
2022-04,1025,6,0,No Active Campaign,0.0,0,0,0.0,309,789,3,3,,163.16,81.3
2022-04,1034,2,0,No Active Campaign,0.0,0,0,0.0,279,394,2,2,,96.49,121.95
2022-04,1047,2,0,No Active Campaign,0.0,0,0,0.0,262,561,3,3,,96.49,162.6
2022-04,1060,5,0,No Active Campaign,0.0,0,0,0.0,210,545,5,5,,100.0,162.6
2022-04,1063,6,0,No Active Campaign,0.0,0,0,0.0,217,394,1,3,,163.16,81.3
2022-04,1071,3,0,No Active Campaign,0.0,0,0,0.0,204,438,6,6,,100.0,81.3
2022-04,1094,7,1,Trade Fair,2499.52,52219,1264,2.421,1341,3457,32,102,24.51,68.42,121.95
2022-04,1103,9,1,Partner,4582.23,80060,1967,2.457,2669,3828,62,171,26.8,57.89,40.65
2022-04,1113,1,0,No Active Campaign,0.0,0,0,0.0,303,593,1,2,,191.23,81.3
2022-04,1130,2,0,No Active Campaign,0.0,0,0,0.0,210,528,3,3,,96.49,0.0
2022-04,1156,2,1,Paid Search,4710.14,79080,1917,2.424,2133,3847,17,135,34.89,96.49,121.95
2022-04,1191,10,0,No Active Campaign,0.0,0,0,0.0,210,312,0,0,,47.37,0.0
2022-04,1196,2,0,No Active Campaign,0.0,0,0,0.0,236,340,8,9,,96.49,121.95
2022-04,1197,1,0,No Active Campaign,0.0,0,0,0.0,263,579,7,7,,191.23,162.6
2022-05,1012,9,1,Email,1702.05,32272,731,2.265,899,1958,21,73,23.32,80.65,42.37
2022-05,1046,10,0,No Active Campaign,0.0,0,0,0.0,218,368,5,6,,43.55,0.0
2022-05,1073,8,0,No Active Campaign,0.0,0,0,0.0,255,533,4,4,,72.58,42.37
2022-05,1074,8,0,No Active Campaign,0.0,0,0,0.0,248,618,3,4,,72.58,42.37
2022-05,1084,7,0,No Active Campaign,0.0,0,0,0.0,242,635,5,6,,53.23,42.37
2022-05,1084,9,0,No Active Campaign,0.0,0,0,0.0,307,758,9,9,,80.65,169.49
2022-05,1125,4,0,No Active Campaign,0.0,0,0,0.0,230,417,3,4,,101.61,211.86
2022-05,1127,7,0,No Active Campaign,0.0,0,0,0.0,233,492,0,1,,53.23,84.75
2022-05,1136,4,0,No Active Campaign,0.0,0,0,0.0,205,531,2,3,,101.61,211.86
2022-05,1138,1,0,No Active Campaign,0.0,0,0,0.0,279,382,2,2,,187.1,300.0
2022-05,1163,2,0,No Active Campaign,0.0,0,0,0.0,156,377,5,5,,111.29,84.75
2022-05,1192,3,0,No Active Campaign,0.0,0,0,0.0,226,439,8,8,,100.0,42.37
2022-05,1192,5,0,No Active Campaign,0.0,0,0,0.0,212,406,10,10,,103.23,127.12
2022-06,1002,6,0,No Active Campaign,0.0,0,0,0.0,227,291,1,1,,134.72,78.12
2022-06,1006,1,1,Partner,14032.99,281122,6483,2.306,6108,15776,62,442,31.75,222.8,234.38
2022-06,1007,7,0,No Active Campaign,0.0,0,0,0.0,184,450,0,0,,58.72,39.06
2022-06,1018,1,0,No Active Campaign,0.0,0,0,0.0,343,541,1,1,,222.8,234.38
2022-06,1030,8,0,No Active Campaign,0.0,0,0,0.0,262,653,3,3,,88.08,78.12
2022-06,1053,5,0,No Active Campaign,0.0,0,0,0.0,247,351,2,4,,79.45,117.19
2022-06,1066,10,0,No Active Campaign,0.0,0,0,0.0,214,401,8,8,,36.27,78.12
2022-06,1070,9,0,No Active Campaign,0.0,0,0,0.0,252,528,3,5,,65.63,117.19
2022-06,1077,4,0,No Active Campaign,0.0,0,0,0.0,244,474,1,1,,107.08,117.19
2022-06,1111,10,1,Paid Search,4402.58,109209,2253,2.063,2361,5838,83,227,19.39,36.27,117.19
2022-06,1125,4,0,No Active Campaign,0.0,0,0,0.0,174,255,2,2,,107.08,117.19
2022-06,1126,10,0,No Active Campaign,0.0,0,0,0.0,134,339,0,0,,36.27,0.0
2022-06,1128,9,0,No Active Campaign,0.0,0,0,0.0,221,394,2,2,,65.63,39.06
2022-06,1131,9,0,No Active Campaign,0.0,0,0,0.0,263,580,2,2,,65.63,39.06
2022-06,1135,1,0,No Active Campaign,0.0,0,0,0.0,202,414,3,5,,222.8,156.25
2022-06,1139,10,0,No Active Campaign,0.0,0,0,0.0,187,298,0,1,,36.27,0.0
2022-06,1146,3,0,No Active Campaign,0.0,0,0,0.0,236,583,2,3,,96.72,117.19
2022-06,1153,7,0,No Active Campaign,0.0,0,0,0.0,232,600,3,3,,58.72,78.12
2022-06,1161,3,0,No Active Campaign,0.0,0,0,0.0,170,334,2,2,,96.72,78.12
2022-06,1179,1,0,No Active Campaign,0.0,0,0,0.0,189,358,1,1,,222.8,195.31
2022-07,1015,3,0,No Active Campaign,0.0,0,0,0.0,260,711,3,3,,110.03,35.34
2022-07,1023,8,0,No Active Campaign,0.0,0,0,0.0,245,407,0,0,,84.14,0.0
2022-07,1027,4,0,No Active Campaign,0.0,0,0,0.0,241,549,2,3,,113.27,141.34
2022-07,1027,7,0,No Active Campaign,0.0,0,0,0.0,254,507,4,5,,51.78,35.34
2022-07,1036,2,0,No Active Campaign,0.0,0,0,0.0,234,498,0,1,,87.38,141.34
2022-07,1039,3,0,No Active Campaign,0.0,0,0,0.0,177,271,1,2,,110.03,70.67
2022-07,1039,6,1,Content,3691.45,100500,2261,2.25,2402,4679,21,167,22.1,153.72,35.34
2022-07,1051,9,0,No Active Campaign,0.0,0,0,0.0,232,456,3,4,,79.29,70.67
2022-07,1084,1,1,Paid Search,7277.26,109645,3089,2.817,3639,7628,104,270,26.95,174.76,300.0
2022-07,1093,3,0,No Active Campaign,0.0,0,0,0.0,249,554,2,2,,110.03,0.0
2022-07,1101,9,0,No Active Campaign,0.0,0,0,0.0,289,596,9,9,,79.29,141.34
2022-07,1112,1,0,No Active Campaign,0.0,0,0,0.0,264,392,5,5,,174.76,212.01
2022-07,1120,2,0,No Active Campaign,0.0,0,0,0.0,189,503,1,1,,87.38,106.01
2022-07,1121,8,0,No Active Campaign,0.0,0,0,0.0,202,456,0,0,,84.14,106.01
2022-07,1122,6,0,No Active Campaign,0.0,0,0,0.0,173,429,1,1,,153.72,0.0
2022-07,1161,7,0,No Active Campaign,0.0,0,0,0.0,180,440,1,1,,51.78,35.34
2022-07,1178,10,0,No Active Campaign,0.0,0,0,0.0,189,324,1,2,,38.83,70.67
2022-08,1008,5,0,No Active Campaign,0.0,0,0,0.0,215,443,1,2,,87.48,0.0
2022-08,1030,7,0,No Active Campaign,0.0,0,0,0.0,167,271,1,1,,48.03,42.92
2022-08,1042,5,0,No Active Campaign,0.0,0,0,0.0,198,520,2,2,,87.48,42.92
2022-08,1044,8,0,No Active Campaign,0.0,0,0,0.0,235,332,0,0,,66.9,42.92
2022-08,1087,5,0,No Active Campaign,0.0,0,0,0.0,208,555,3,3,,87.48,0.0
2022-08,1101,9,0,No Active Campaign,0.0,0,0,0.0,195,507,8,8,,78.9,0.0
2022-08,1111,3,0,No Active Campaign,0.0,0,0,0.0,289,389,10,10,,97.77,128.76
2022-08,1115,10,0,No Active Campaign,0.0,0,0,0.0,242,368,11,11,,36.02,0.0
2022-08,1136,7,1,Paid Search,5015.85,71071,1532,2.156,1659,2250,13,100,50.16,48.03,0.0
2022-08,1145,8,0,No Active Campaign,0.0,0,0,0.0,224,489,1,1,,66.9,42.92
2022-08,1146,5,0,No Active Campaign,0.0,0,0,0.0,158,402,1,1,,87.48,171.67
2022-08,1150,5,1,Email,842.93,11049,189,1.711,405,871,3,15,56.2,87.48,171.67
2022-08,1152,9,0,No Active Campaign,0.0,0,0,0.0,287,752,3,3,,78.9,85.84
2022-08,1172,1,1,Trade Fair,3801.9,33958,892,2.627,1045,2164,10,52,73.11,228.13,128.76
2022-08,1174,1,0,No Active Campaign,0.0,0,0,0.0,155,316,1,1,,228.13,128.76
2022-08,1179,5,0,No Active Campaign,0.0,0,0,0.0,139,302,2,2,,87.48,128.76
2022-08,1190,10,0,No Active Campaign,0.0,0,0,0.0,191,405,8,8,,36.02,171.67
2022-09,1015,9,0,No Active Campaign,0.0,0,0,0.0,291,789,0,0,,65.22,154.44
2022-09,1021,4,0,No Active Campaign,0.0,0,0,0.0,246,361,5,5,,108.7,193.05
2022-09,1043,7,0,No Active Campaign,0.0,0,0,0.0,282,657,6,7,,51.84,38.61
2022-09,1059,1,0,No Active Campaign,0.0,0,0,0.0,273,645,4,4,,199.0,193.05
2022-09,1070,10,0,No Active Campaign,0.0,0,0,0.0,199,378,3,4,,71.91,38.61
2022-09,1084,7,0,No Active Campaign,0.0,0,0,0.0,249,695,4,4,,51.84,115.83
2022-09,1100,1,0,No Active Campaign,0.0,0,0,0.0,298,497,6,8,,199.0,77.22
2022-09,1101,5,0,No Active Campaign,0.0,0,0,0.0,269,585,9,9,,93.65,154.44
2022-09,1106,6,0,No Active Campaign,0.0,0,0,0.0,333,923,14,14,,140.47,270.27
2022-09,1114,6,1,Email,7041.0,176803,4719,2.669,5413,10509,171,438,16.08,140.47,270.27
2022-09,1118,4,0,No Active Campaign,0.0,0,0,0.0,251,654,8,9,,108.7,38.61
2022-09,1127,10,0,No Active Campaign,0.0,0,0,0.0,183,368,0,0,,71.91,77.22
2022-09,1136,8,1,Webinar,4077.69,83269,2022,2.428,2262,3607,16,134,30.43,86.96,154.44
2022-09,1137,6,1,Paid Search,2883.53,70203,1646,2.345,1741,4236,26,121,23.83,140.47,0.0
2022-09,1175,2,0,No Active Campaign,0.0,0,0,0.0,141,300,1,1,,86.96,38.61
2022-09,1179,10,0,No Active Campaign,0.0,0,0,0.0,141,349,2,2,,71.91,115.83
2022-09,1181,5,0,No Active Campaign,0.0,0,0,0.0,252,520,5,5,,93.65,115.83
2022-10,1000,4,0,No Active Campaign,0.0,0,0,0.0,305,662,2,2,,92.36,79.05
2022-10,1013,8,0,No Active Campaign,0.0,0,0,0.0,234,380,1,2,,74.6,39.53
2022-10,1035,9,0,No Active Campaign,0.0,0,0,0.0,257,447,0,0,,71.05,118.58
2022-10,1040,1,0,No Active Campaign,0.0,0,0,0.0,279,375,2,2,,207.82,79.05
2022-10,1043,8,0,No Active Campaign,0.0,0,0,0.0,300,472,2,2,,74.6,79.05
2022-10,1066,3,0,No Active Campaign,0.0,0,0,0.0,232,324,5,5,,85.26,0.0
2022-10,1073,5,0,No Active Campaign,0.0,0,0,0.0,260,711,7,7,,110.12,79.05
2022-10,1083,2,0,No Active Campaign,0.0,0,0,0.0,324,496,3,3,,104.8,118.58
2022-10,1095,9,0,No Active Campaign,0.0,0,0,0.0,287,734,8,8,,71.05,0.0
2022-10,1096,6,0,No Active Campaign,0.0,0,0,0.0,340,427,4,5,,149.2,237.15
2022-10,1099,1,0,No Active Campaign,0.0,0,0,0.0,339,652,4,4,,207.82,276.68
2022-10,1106,1,0,No Active Campaign,0.0,0,0,0.0,306,601,3,6,,207.82,39.53
2022-10,1137,4,0,No Active Campaign,0.0,0,0,0.0,276,724,2,2,,92.36,300.0
2022-10,1156,3,0,No Active Campaign,0.0,0,0,0.0,306,455,1,1,,85.26,158.1
2022-10,1157,6,0,No Active Campaign,0.0,0,0,0.0,291,431,1,1,,149.2,237.15
2022-10,1159,2,0,No Active Campaign,0.0,0,0,0.0,198,409,0,1,,104.8,118.58
2022-10,1174,5,1,Partner,1854.22,30828,784,2.543,1112,1892,13,51,36.36,110.12,118.58
2022-10,1196,3,0,No Active Campaign,0.0,0,0,0.0,269,460,6,7,,85.26,118.58
2022-10,1197,8,0,No Active Campaign,0.0,0,0,0.0,352,699,8,8,,74.6,118.58
2022-11,1004,5,0,No Active Campaign,0.0,0,0,0.0,253,498,2,3,,96.6,0.0
2022-11,1018,10,0,No Active Campaign,0.0,0,0,0.0,221,427,2,2,,41.14,0.0
2022-11,1043,2,0,No Active Campaign,0.0,0,0,0.0,317,803,6,6,,87.66,115.83
2022-11,1043,9,0,No Active Campaign,0.0,0,0,0.0,301,696,3,3,,76.92,0.0
2022-11,1056,4,0,No Active Campaign,0.0,0,0,0.0,331,736,2,4,,89.45,193.05
2022-11,1075,2,0,No Active Campaign,0.0,0,0,0.0,313,598,8,9,,87.66,77.22
2022-11,1083,8,1,Content,3255.7,92665,2195,2.369,2867,7939,120,259,12.57,73.35,38.61
2022-11,1085,1,0,No Active Campaign,0.0,0,0,0.0,319,582,10,10,,211.09,300.0
2022-11,1105,5,1,Paid Search,2233.71,68103,1438,2.112,1955,5129,66,150,14.89,96.6,38.61
2022-11,1113,1,0,No Active Campaign,0.0,0,0,0.0,361,657,15,16,,211.09,38.61
2022-11,1114,9,0,No Active Campaign,0.0,0,0,0.0,271,722,10,10,,76.92,0.0
2022-11,1140,7,1,Webinar,4086.97,91550,1814,1.981,1970,3972,16,107,38.2,55.46,38.61
2022-11,1146,2,0,No Active Campaign,0.0,0,0,0.0,205,270,0,2,,87.66,77.22
2022-11,1155,1,0,No Active Campaign,0.0,0,0,0.0,235,427,1,2,,211.09,270.27
2022-11,1165,10,1,Email,1007.85,21213,515,2.428,770,1389,6,32,31.5,41.14,38.61
2022-11,1177,6,0,No Active Campaign,0.0,0,0,0.0,265,648,4,4,,168.16,231.66
2022-12,1006,6,0,No Active Campaign,0.0,0,0,0.0,357,544,1,2,,169.81,126.58
2022-12,1010,3,0,No Active Campaign,0.0,0,0,0.0,269,460,1,2,,80.19,42.19
2022-12,1018,2,0,No Active Campaign,0.0,0,0,0.0,367,759,5,6,,105.35,126.58
2022-12,1040,10,1,Webinar,3818.92,94818,2497,2.633,2545,3958,36,179,21.33,53.46,84.39
2022-12,1050,5,0,No Active Campaign,0.0,0,0,0.0,245,518,4,4,,110.06,42.19
2022-12,1057,1,0,No Active Campaign,0.0,0,0,0.0,274,379,4,4,,221.7,300.0
2022-12,1061,3,0,No Active Campaign,0.0,0,0,0.0,252,660,6,9,,80.19,126.58
2022-12,1068,7,0,No Active Campaign,0.0,0,0,0.0,281,474,5,7,,36.16,42.19
2022-12,1081,5,0,No Active Campaign,0.0,0,0,0.0,307,555,6,6,,110.06,84.39
2022-12,1090,5,1,Webinar,10459.44,187459,4540,2.422,5002,12847,153,414,25.26,110.06,84.39
2022-12,1102,6,1,Email,5732.52,110013,2646,2.405,3461,7392,103,261,21.96,169.81,300.0
2022-12,1115,7,1,Partner,3701.45,79674,1653,2.075,1761,3649,49,152,24.35,36.16,0.0
2022-12,1125,7,0,No Active Campaign,0.0,0,0,0.0,275,593,1,1,,36.16,42.19
2022-12,1129,7,0,No Active Campaign,0.0,0,0,0.0,245,485,1,2,,36.16,42.19
2022-12,1134,7,0,No Active Campaign,0.0,0,0,0.0,264,655,2,3,,36.16,42.19
2022-12,1160,10,0,No Active Campaign,0.0,0,0,0.0,183,508,2,3,,53.46,42.19
2022-12,1172,7,0,No Active Campaign,0.0,0,0,0.0,234,423,3,3,,36.16,42.19
2022-12,1173,5,0,No Active Campaign,0.0,0,0,0.0,247,496,1,2,,110.06,42.19
2022-12,1182,3,0,No Active Campaign,0.0,0,0,0.0,282,533,8,8,,80.19,42.19
2022-12,1182,10,1,Partner,1491.05,30261,765,2.528,905,1270,27,75,19.88,53.46,0.0
2023-01,1002,8,0,No Active Campaign,0.0,0,0,0.0,288,490,3,3,,73.95,76.05
2023-01,1012,6,0,No Active Campaign,0.0,0,0,0.0,342,488,0,0,,175.24,38.02
2023-01,1018,1,0,No Active Campaign,0.0,0,0,0.0,313,561,0,0,,189.71,76.05
2023-01,1024,10,0,No Active Campaign,0.0,0,0,0.0,250,463,3,3,,36.98,38.02
2023-01,1047,3,0,No Active Campaign,0.0,0,0,0.0,277,635,6,6,,99.68,114.07
2023-01,1053,7,0,No Active Campaign,0.0,0,0,0.0,279,499,4,4,,57.88,152.09
2023-01,1066,2,0,No Active Campaign,0.0,0,0,0.0,238,607,7,8,,102.89,266.16
2023-01,1082,3,1,Paid Search,1815.36,36312,900,2.479,1045,2737,32,87,20.87,99.68,114.07
2023-01,1096,8,1,Email,10916.96,106479,2546,2.391,2944,7780,116,254,42.98,73.95,76.05
2023-01,1107,6,0,No Active Campaign,0.0,0,0,0.0,366,694,8,10,,175.24,76.05
2023-01,1107,10,0,No Active Campaign,0.0,0,0,0.0,293,555,4,5,,36.98,0.0
2023-01,1133,9,0,No Active Campaign,0.0,0,0,0.0,230,461,4,4,,75.56,114.07
2023-01,1135,8,0,No Active Campaign,0.0,0,0,0.0,203,339,0,0,,73.95,76.05
2023-01,1149,5,0,No Active Campaign,0.0,0,0,0.0,242,316,0,0,,86.82,152.09
2023-01,1158,9,0,No Active Campaign,0.0,0,0,0.0,238,497,0,0,,75.56,0.0
2023-01,1193,9,0,No Active Campaign,0.0,0,0,0.0,231,303,4,5,,75.56,38.02
2023-02,1000,9,0,No Active Campaign,0.0,0,0,0.0,306,758,4,5,,38.83,184.33
2023-02,1020,6,1,Paid Search,3289.3,95495,2330,2.44,2255,3093,20,156,21.09,157.28,184.33
2023-02,1023,4,1,Paid Search,2587.07,59254,1320,2.228,1336,2651,12,89,29.07,77.67,92.17
2023-02,1046,7,0,No Active Campaign,0.0,0,0,0.0,327,887,5,5,,50.49,184.33
2023-02,1068,5,0,No Active Campaign,0.0,0,0,0.0,194,465,5,5,,102.91,92.17
2023-02,1073,10,0,No Active Campaign,0.0,0,0,0.0,210,405,7,7,,60.19,138.25
2023-02,1114,6,0,No Active Campaign,0.0,0,0,0.0,309,811,10,10,,157.28,184.33
2023-02,1115,2,0,No Active Campaign,0.0,0,0,0.0,296,805,11,11,,124.27,46.08
2023-02,1118,10,0,No Active Campaign,0.0,0,0,0.0,271,450,5,5,,60.19,46.08
2023-02,1119,10,0,No Active Campaign,0.0,0,0,0.0,241,551,5,5,,60.19,46.08
2023-02,1162,10,0,No Active Campaign,0.0,0,0,0.0,177,316,1,1,,60.19,46.08
2023-02,1167,2,1,Paid Search,3618.58,70726,1762,2.491,1937,4886,18,102,35.48,124.27,92.17
2023-02,1169,1,0,No Active Campaign,0.0,0,0,0.0,175,411,1,1,,217.48,300.0
2023-02,1180,6,0,No Active Campaign,0.0,0,0,0.0,324,745,7,8,,157.28,300.0
2023-03,1001,5,0,No Active Campaign,0.0,0,0,0.0,248,594,3,3,,95.24,80.0
2023-03,1026,5,0,No Active Campaign,0.0,0,0,0.0,178,357,3,3,,95.24,0.0
2023-03,1039,3,0,No Active Campaign,0.0,0,0,0.0,234,558,1,1,,105.09,80.0
2023-03,1048,7,0,No Active Campaign,0.0,0,0,0.0,271,574,10,10,,57.47,0.0
2023-03,1049,7,0,No Active Campaign,0.0,0,0,0.0,287,379,2,2,,57.47,0.0
2023-03,1058,8,0,No Active Campaign,0.0,0,0,0.0,291,555,5,5,,88.67,80.0
2023-03,1065,2,1,Paid Search,2178.54,31603,739,2.338,1067,2108,27,70,31.12,101.81,40.0
2023-03,1066,2,0,No Active Campaign,0.0,0,0,0.0,241,447,7,7,,101.81,40.0
2023-03,1072,9,0,No Active Campaign,0.0,0,0,0.0,220,588,2,2,,64.04,80.0
2023-03,1075,10,0,No Active Campaign,0.0,0,0,0.0,203,544,9,9,,42.69,120.0
2023-03,1085,7,1,Paid Search,5457.96,112336,2237,1.991,2255,4640,63,205,26.62,57.47,40.0
2023-03,1092,8,0,No Active Campaign,0.0,0,0,0.0,313,560,5,6,,88.67,40.0
2023-03,1094,10,0,No Active Campaign,0.0,0,0,0.0,296,612,1,3,,42.69,120.0
2023-03,1102,3,1,Email,10583.09,135327,2751,2.033,3612,4763,73,213,49.69,105.09,240.0
2023-03,1103,5,0,No Active Campaign,0.0,0,0,0.0,278,598,7,8,,95.24,80.0
2023-03,1104,10,1,Content,2648.5,61420,1661,2.704,1964,3586,56,150,17.66,42.69,120.0
2023-03,1133,8,1,Webinar,2471.39,61220,1368,2.235,1526,2516,18,99,24.96,88.67,0.0
2023-03,1137,7,0,No Active Campaign,0.0,0,0,0.0,190,309,4,4,,57.47,40.0
2023-03,1156,2,0,No Active Campaign,0.0,0,0,0.0,171,318,1,2,,101.81,40.0
2023-03,1156,3,0,No Active Campaign,0.0,0,0,0.0,177,230,3,3,,105.09,40.0
2023-03,1161,6,0,No Active Campaign,0.0,0,0,0.0,216,394,4,4,,154.35,160.0
2023-03,1171,8,0,No Active Campaign,0.0,0,0,0.0,206,409,2,2,,88.67,40.0
2023-03,1173,9,0,No Active Campaign,0.0,0,0,0.0,191,250,0,1,,64.04,80.0
2023-03,1174,9,1,Partner,724.91,23851,575,2.411,869,1592,10,42,17.26,64.04,80.0
2023-03,1175,6,0,No Active Campaign,0.0,0,0,0.0,204,295,2,2,,154.35,160.0
2023-04,1031,7,0,No Active Campaign,0.0,0,0,0.0,260,591,2,2,,51.79,75.47
2023-04,1041,8,0,No Active Campaign,0.0,0,0,0.0,260,495,5,5,,73.21,75.47
2023-04,1047,1,0,No Active Campaign,0.0,0,0,0.0,294,581,3,3,,196.43,150.94
2023-04,1049,3,0,No Active Campaign,0.0,0,0,0.0,248,567,2,2,,100.0,150.94
2023-04,1059,6,0,No Active Campaign,0.0,0,0,0.0,291,393,2,3,,160.71,113.21
2023-04,1082,1,0,No Active Campaign,0.0,0,0,0.0,254,526,6,8,,196.43,300.0
2023-04,1096,9,1,Webinar,4100.3,114234,2384,2.087,2624,3376,56,196,20.92,57.14,0.0
2023-04,1119,7,0,No Active Campaign,0.0,0,0,0.0,289,623,7,8,,51.79,0.0
2023-04,1136,3,0,No Active Campaign,0.0,0,0,0.0,206,546,1,1,,100.0,150.94
2023-04,1146,10,0,No Active Campaign,0.0,0,0,0.0,192,400,1,1,,37.5,75.47
2023-04,1148,3,0,No Active Campaign,0.0,0,0,0.0,213,405,1,1,,100.0,0.0
2023-04,1149,5,0,No Active Campaign,0.0,0,0,0.0,262,574,2,2,,83.93,113.21
2023-04,1194,10,1,Content,2671.99,76416,1762,2.306,2144,5962,92,186,14.37,37.5,75.47
2023-04,1195,8,1,Content,4618.51,106042,2665,2.513,2412,4701,48,215,21.48,73.21,113.21
2023-05,1009,1,0,No Active Campaign,0.0,0,0,0.0,274,619,1,1,,153.46,280.0
2023-05,1011,10,0,No Active Campaign,0.0,0,0,0.0,272,595,1,2,,43.84,40.0
2023-05,1019,10,0,No Active Campaign,0.0,0,0,0.0,249,422,2,2,,43.84,40.0
2023-05,1021,4,1,Content,5137.74,139387,3126,2.243,3975,9067,50,244,21.06,106.24,120.0
2023-05,1021,9,0,No Active Campaign,0.0,0,0,0.0,253,421,0,0,,70.83,40.0
2023-05,1027,6,0,No Active Campaign,0.0,0,0,0.0,213,464,0,0,,170.32,120.0
2023-05,1036,3,0,No Active Campaign,0.0,0,0,0.0,230,498,1,3,,91.06,80.0
2023-05,1038,7,0,No Active Campaign,0.0,0,0,0.0,244,524,4,4,,50.59,40.0
2023-05,1090,4,0,No Active Campaign,0.0,0,0,0.0,237,649,9,9,,106.24,40.0
2023-05,1093,6,0,No Active Campaign,0.0,0,0,0.0,296,391,5,5,,170.32,40.0
2023-05,1123,5,0,No Active Campaign,0.0,0,0,0.0,214,415,2,3,,106.24,240.0
2023-05,1128,9,0,No Active Campaign,0.0,0,0,0.0,240,638,6,6,,70.83,80.0
2023-05,1147,2,0,No Active Campaign,0.0,0,0,0.0,218,311,1,1,,97.81,160.0
2023-05,1158,9,0,No Active Campaign,0.0,0,0,0.0,191,324,0,0,,70.83,40.0
2023-05,1171,8,0,No Active Campaign,0.0,0,0,0.0,152,350,0,0,,109.61,0.0
2023-05,1191,7,1,Content,1687.04,32888,854,2.597,1173,2674,34,89,18.96,50.59,40.0
2023-05,1198,7,0,No Active Campaign,0.0,0,0,0.0,284,775,7,7,,50.59,40.0
2023-05,1199,9,0,No Active Campaign,0.0,0,0,0.0,287,791,4,5,,70.83,80.0
2023-06,1016,5,0,No Active Campaign,0.0,0,0,0.0,270,664,0,1,,109.4,135.75
2023-06,1025,3,0,No Active Campaign,0.0,0,0,0.0,288,709,3,5,,111.11,90.5
2023-06,1044,7,1,Paid Search,2383.47,63348,1612,2.545,2035,3704,22,109,21.87,51.28,45.25
2023-06,1050,8,0,No Active Campaign,0.0,0,0,0.0,240,619,5,5,,70.09,45.25
2023-06,1054,1,1,Trade Fair,5061.37,92043,2281,2.478,2192,5511,25,172,29.43,210.26,300.0
2023-06,1054,2,0,No Active Campaign,0.0,0,0,0.0,281,552,2,3,,95.73,90.5
2023-06,1056,9,0,No Active Campaign,0.0,0,0,0.0,283,421,3,3,,68.38,45.25
2023-06,1065,2,0,No Active Campaign,0.0,0,0,0.0,198,451,8,9,,95.73,90.5
2023-06,1073,9,1,Webinar,4143.72,108611,2503,2.305,2646,6265,67,213,19.45,68.38,90.5
2023-06,1078,5,0,No Active Campaign,0.0,0,0,0.0,222,556,7,7,,109.4,181.0
2023-06,1085,8,0,No Active Campaign,0.0,0,0,0.0,302,724,11,11,,70.09,181.0
2023-06,1133,9,1,Partner,1222.22,32428,876,2.701,1159,2167,15,56,21.83,68.38,0.0
2023-06,1147,4,0,No Active Campaign,0.0,0,0,0.0,189,351,1,2,,83.76,271.49
2023-06,1156,2,0,No Active Campaign,0.0,0,0,0.0,190,335,0,0,,95.73,45.25
2023-06,1180,1,0,No Active Campaign,0.0,0,0,0.0,283,683,4,6,,210.26,135.75
2023-06,1187,10,1,Partner,2236.74,63931,1622,2.537,2082,3053,33,129,17.34,35.9,135.75
2023-06,1193,4,0,No Active Campaign,0.0,0,0,0.0,253,698,12,13,,83.76,45.25
2023-06,1198,8,0,No Active Campaign,0.0,0,0,0.0,256,619,10,10,,70.09,45.25
2023-07,1010,6,1,Paid Search,7417.7,130710,2723,2.083,2993,5552,21,173,42.88,165.74,239.73
2023-07,1012,10,0,No Active Campaign,0.0,0,0,0.0,195,421,2,2,,40.97,0.0
2023-07,1038,3,0,No Active Campaign,0.0,0,0,0.0,239,375,4,4,,98.7,34.25
2023-07,1077,7,0,No Active Campaign,0.0,0,0,0.0,248,341,5,5,,46.55,68.49
2023-07,1107,5,0,No Active Campaign,0.0,0,0,0.0,203,515,7,8,,93.11,136.99
2023-07,1116,7,0,No Active Campaign,0.0,0,0,0.0,256,593,5,6,,46.55,68.49
2023-07,1124,4,0,No Active Campaign,0.0,0,0,0.0,193,318,0,0,,89.39,68.49
2023-07,1125,9,0,No Active Campaign,0.0,0,0,0.0,259,331,0,0,,68.9,68.49
2023-07,1126,5,0,No Active Campaign,0.0,0,0,0.0,206,398,0,1,,93.11,102.74
2023-07,1134,5,0,No Active Campaign,0.0,0,0,0.0,173,431,1,1,,93.11,102.74
2023-07,1140,4,0,No Active Campaign,0.0,0,0,0.0,237,349,2,3,,89.39,68.49
2023-07,1144,5,0,No Active Campaign,0.0,0,0,0.0,205,528,2,2,,93.11,171.23
2023-07,1154,3,0,No Active Campaign,0.0,0,0,0.0,198,520,1,1,,98.7,34.25
2023-07,1159,6,0,No Active Campaign,0.0,0,0,0.0,209,386,1,1,,165.74,102.74
2023-07,1182,7,1,Content,3411.68,85111,2066,2.427,2452,5754,99,227,15.03,46.55,34.25
2023-07,1186,6,1,Webinar,6709.44,128215,3565,2.78,3462,7463,106,300,22.36,165.74,136.99
2023-07,1191,1,1,Paid Search,8993.62,229649,5509,2.399,4682,11109,109,450,19.99,210.43,102.74
2023-07,1196,10,0,No Active Campaign,0.0,0,0,0.0,186,513,8,9,,40.97,34.25
2023-07,1197,1,0,No Active Campaign,0.0,0,0,0.0,226,303,0,1,,210.43,102.74
2023-07,1199,8,1,Webinar,1504.93,20414,424,2.077,566,915,15,41,36.71,78.21,0.0
2023-08,1010,2,0,No Active Campaign,0.0,0,0,0.0,233,522,1,1,,114.48,42.74
2023-08,1023,6,1,Trade Fair,3479.34,84794,2087,2.461,2186,4926,27,151,23.04,143.1,85.47
2023-08,1033,10,0,No Active Campaign,0.0,0,0,0.0,179,380,3,3,,48.82,42.74
2023-08,1041,7,0,No Active Campaign,0.0,0,0,0.0,231,325,0,1,,50.51,0.0
2023-08,1048,7,0,No Active Campaign,0.0,0,0,0.0,235,604,3,3,,50.51,0.0
2023-08,1050,1,0,No Active Campaign,0.0,0,0,0.0,256,701,3,3,,217.17,128.21
2023-08,1064,1,0,No Active Campaign,0.0,0,0,0.0,261,602,14,15,,217.17,213.68
2023-08,1064,4,0,No Active Campaign,0.0,0,0,0.0,249,644,9,9,,80.81,128.21
2023-08,1067,5,1,Content,3096.66,64526,1326,2.055,1634,3496,48,133,23.28,114.48,213.68
2023-08,1081,8,0,No Active Campaign,0.0,0,0,0.0,245,643,2,2,,70.71,85.47
2023-08,1091,9,0,No Active Campaign,0.0,0,0,0.0,295,589,4,4,,67.34,42.74
2023-08,1098,4,0,No Active Campaign,0.0,0,0,0.0,227,421,6,6,,80.81,128.21
2023-08,1103,10,0,No Active Campaign,0.0,0,0,0.0,212,304,2,2,,48.82,42.74
2023-08,1112,6,0,No Active Campaign,0.0,0,0,0.0,254,454,5,6,,143.1,170.94
2023-08,1118,10,0,No Active Campaign,0.0,0,0,0.0,230,334,3,3,,48.82,42.74
2023-08,1119,4,0,No Active Campaign,0.0,0,0,0.0,236,581,6,7,,80.81,42.74
2023-08,1139,10,0,No Active Campaign,0.0,0,0,0.0,152,213,0,0,,48.82,85.47
2023-08,1169,9,0,No Active Campaign,0.0,0,0,0.0,158,403,1,3,,67.34,0.0
2023-08,1180,3,0,No Active Campaign,0.0,0,0,0.0,220,562,7,7,,92.59,85.47
2023-08,1180,5,1,Webinar,3879.21,53169,1115,2.097,1355,3596,52,102,38.03,114.48,0.0
2023-08,1183,9,0,No Active Campaign,0.0,0,0,0.0,236,314,6,7,,67.34,85.47
2023-08,1195,6,1,Content,4519.16,80450,2124,2.64,2343,3366,40,161,28.07,143.1,128.21
2023-09,1007,5,1,Paid Search,2887.9,35474,986,2.78,1247,3393,26,77,37.51,99.83,157.48
2023-09,1011,4,0,No Active Campaign,0.0,0,0,0.0,243,329,2,2,,93.06,78.74
2023-09,1011,9,0,No Active Campaign,0.0,0,0,0.0,303,473,0,0,,69.37,39.37
2023-09,1027,4,1,Email,3406.34,70953,1634,2.303,1922,2788,12,99,34.41,93.06,118.11
2023-09,1029,7,0,No Active Campaign,0.0,0,0,0.0,220,350,1,2,,55.84,0.0
2023-09,1062,7,0,No Active Campaign,0.0,0,0,0.0,229,466,5,5,,55.84,39.37
2023-09,1086,8,0,No Active Campaign,0.0,0,0,0.0,303,708,9,10,,82.91,78.74
2023-09,1122,4,0,No Active Campaign,0.0,0,0,0.0,217,412,0,0,,93.06,39.37
2023-09,1142,4,0,No Active Campaign,0.0,0,0,0.0,182,502,3,3,,93.06,78.74
2023-09,1145,8,0,No Active Campaign,0.0,0,0,0.0,237,636,2,2,,82.91,78.74
2023-09,1149,4,0,No Active Campaign,0.0,0,0,0.0,177,234,0,0,,93.06,78.74
2023-09,1165,4,0,No Active Campaign,0.0,0,0,0.0,212,442,1,1,,93.06,118.11
2023-09,1186,7,1,Content,2095.18,41046,938,2.285,1291,2682,42,99,21.16,55.84,78.74
2023-09,1188,1,0,No Active Campaign,0.0,0,0,0.0,274,750,8,9,,177.66,78.74
2023-10,1027,3,0,No Active Campaign,0.0,0,0,0.0,327,693,2,2,,107.93,156.86
2023-10,1053,5,0,No Active Campaign,0.0,0,0,0.0,242,595,2,2,,109.61,39.22
2023-10,1055,4,0,No Active Campaign,0.0,0,0,0.0,261,713,6,8,,96.12,39.22
2023-10,1096,1,0,No Active Campaign,0.0,0,0,0.0,310,708,6,6,,204.05,117.65
2023-10,1146,9,0,No Active Campaign,0.0,0,0,0.0,218,337,0,0,,57.34,39.22
2023-10,1166,1,0,No Active Campaign,0.0,0,0,0.0,229,447,3,3,,204.05,117.65
2023-10,1181,3,0,No Active Campaign,0.0,0,0,0.0,291,687,6,6,,107.93,156.86
2023-10,1186,9,1,Content,1542.13,26357,661,2.508,931,1885,30,61,25.28,57.34,78.43
2023-10,1198,9,1,Email,2924.18,84400,1981,2.347,2028,3671,45,155,18.87,57.34,78.43
2023-11,1013,5,0,No Active Campaign,0.0,0,0,0.0,330,785,2,2,,99.15,167.36
2023-11,1015,5,1,Paid Search,3386.93,39557,940,2.376,1371,2716,14,80,42.34,99.15,167.36
2023-11,1022,10,0,No Active Campaign,0.0,0,0,0.0,273,687,3,3,,51.28,83.68
2023-11,1025,7,0,No Active Campaign,0.0,0,0,0.0,270,433,2,3,,37.61,41.84
2023-11,1028,5,1,Webinar,1999.11,46322,1184,2.556,1213,3180,20,78,25.63,99.15,83.68
2023-11,1030,3,0,No Active Campaign,0.0,0,0,0.0,293,430,1,2,,109.4,83.68
2023-11,1054,1,0,No Active Campaign,0.0,0,0,0.0,340,620,3,6,,213.68,167.36
2023-11,1062,3,1,Email,6488.71,177284,3680,2.076,4313,7007,90,301,21.56,109.4,167.36
2023-11,1067,9,1,Partner,1397.86,36007,865,2.402,992,1561,17,76,18.39,49.57,125.52
2023-11,1068,10,1,Webinar,1011.78,26606,661,2.484,839,1389,15,56,18.07,51.28,41.84
2023-11,1069,2,0,No Active Campaign,0.0,0,0,0.0,305,429,3,4,,107.69,167.36
2023-11,1080,4,0,No Active Campaign,0.0,0,0,0.0,322,481,5,5,,109.4,125.52
2023-11,1106,6,0,No Active Campaign,0.0,0,0,0.0,350,660,13,14,,160.68,209.21
2023-11,1118,9,0,No Active Campaign,0.0,0,0,0.0,332,453,3,5,,49.57,41.84
2023-11,1118,10,1,Trade Fair,4702.77,65633,1420,2.164,1932,4587,65,142,33.12,51.28,0.0
2023-11,1128,4,1,Content,710.58,11629,302,2.597,549,735,16,42,16.92,109.4,83.68
2023-11,1128,8,0,No Active Campaign,0.0,0,0,0.0,236,565,3,4,,61.54,125.52
2023-11,1168,6,1,Webinar,924.68,20338,522,2.567,653,1169,8,36,25.69,160.68,0.0
2023-11,1173,9,0,No Active Campaign,0.0,0,0,0.0,218,380,1,1,,49.57,41.84
2023-12,1015,3,0,No Active Campaign,0.0,0,0,0.0,353,916,5,7,,92.33,69.69
2023-12,1019,6,0,No Active Campaign,0.0,0,0,0.0,348,560,5,8,,175.96,139.37
2023-12,1026,1,0,No Active Campaign,0.0,0,0,0.0,309,670,3,3,,188.15,174.22
2023-12,1030,1,0,No Active Campaign,0.0,0,0,0.0,300,480,3,3,,188.15,174.22
2023-12,1034,5,1,Content,5872.9,102257,2376,2.324,2967,3730,29,168,34.96,104.53,0.0
2023-12,1059,4,0,No Active Campaign,0.0,0,0,0.0,286,469,3,4,,108.01,69.69
2023-12,1061,3,1,Partner,2782.56,95807,2561,2.673,3042,5584,64,218,12.76,92.33,104.53
2023-12,1067,4,0,No Active Campaign,0.0,0,0,0.0,348,961,6,6,,108.01,174.22
2023-12,1075,9,1,Paid Search,2207.23,37860,1002,2.647,1182,3247,44,91,24.26,59.23,69.69
2023-12,1081,1,1,Webinar,2028.57,32993,833,2.525,1054,1539,23,70,28.98,188.15,243.9
2023-12,1086,1,0,No Active Campaign,0.0,0,0,0.0,329,587,7,8,,188.15,243.9
2023-12,1088,2,0,No Active Campaign,0.0,0,0,0.0,311,793,9,12,,80.14,34.84
2023-12,1089,7,0,No Active Campaign,0.0,0,0,0.0,267,385,1,1,,59.23,34.84
2023-12,1096,4,1,Paid Search,10050.41,274061,6630,2.419,5758,14288,201,603,16.67,108.01,69.69
2023-12,1108,9,0,No Active Campaign,0.0,0,0,0.0,356,580,7,7,,59.23,0.0
2023-12,1117,9,1,Content,4666.56,91722,2024,2.207,2027,2991,27,165,28.28,59.23,0.0
2023-12,1133,5,0,No Active Campaign,0.0,0,0,0.0,277,415,1,2,,104.53,209.06
2023-12,1152,1,1,Content,2345.98,52711,1165,2.21,1451,2134,13,80,29.32,188.15,139.37
2023-12,1159,10,0,No Active Campaign,0.0,0,0,0.0,118,161,2,2,,38.33,34.84
2023-12,1164,5,0,No Active Campaign,0.0,0,0,0.0,226,583,3,3,,104.53,34.84
2023-12,1165,1,0,No Active Campaign,0.0,0,0,0.0,228,404,1,1,,188.15,278.75
2023-12,1188,9,1,Email,5871.53,88546,2353,2.657,2725,4236,58,199,29.51,59.23,34.84
2024-01,1008,2,0,No Active Campaign,0.0,0,0,0.0,297,533,0,1,,112.46,75.19
2024-01,1044,10,0,No Active Campaign,0.0,0,0,0.0,284,577,1,1,,58.82,0.0
2024-01,1059,5,0,No Active Campaign,0.0,0,0,0.0,242,358,1,2,,109.0,112.78
2024-01,1064,3,0,No Active Campaign,0.0,0,0,0.0,271,517,6,6,,119.38,75.19
2024-01,1072,1,0,No Active Campaign,0.0,0,0,0.0,251,361,6,7,,169.55,300.0
2024-01,1082,10,1,Paid Search,930.31,18768,434,2.312,717,1710,17,44,21.14,58.82,75.19
2024-01,1084,5,0,No Active Campaign,0.0,0,0,0.0,246,424,3,4,,109.0,112.78
2024-01,1090,4,0,No Active Campaign,0.0,0,0,0.0,284,530,5,5,,88.24,112.78
2024-01,1092,1,0,No Active Campaign,0.0,0,0,0.0,336,865,8,11,,169.55,263.16
2024-01,1096,5,0,No Active Campaign,0.0,0,0,0.0,281,540,9,9,,109.0,112.78
2024-01,1107,10,0,No Active Campaign,0.0,0,0,0.0,243,349,4,4,,58.82,0.0
2024-01,1121,1,0,No Active Campaign,0.0,0,0,0.0,294,497,3,4,,169.55,300.0
2024-01,1137,8,0,No Active Campaign,0.0,0,0,0.0,257,598,1,1,,79.58,75.19
2024-01,1157,8,1,Email,3380.91,70366,1461,2.076,1697,2273,12,83,40.73,79.58,0.0
2024-01,1164,5,1,Paid Search,3683.38,61620,1337,2.17,1366,2719,20,94,39.18,109.0,37.59
2024-01,1166,3,0,No Active Campaign,0.0,0,0,0.0,205,384,2,2,,119.38,37.59
2024-01,1169,6,0,No Active Campaign,0.0,0,0,0.0,206,268,1,2,,124.57,112.78
2024-01,1199,4,0,No Active Campaign,0.0,0,0,0.0,236,499,5,5,,88.24,112.78
2024-02,1023,2,0,No Active Campaign,0.0,0,0,0.0,249,582,4,4,,102.94,81.63
2024-02,1025,6,0,No Active Campaign,0.0,0,0,0.0,312,475,3,3,,152.57,204.08
2024-02,1054,3,0,No Active Campaign,0.0,0,0,0.0,285,372,0,2,,115.81,40.82
2024-02,1068,5,0,No Active Campaign,0.0,0,0,0.0,245,673,4,4,,93.75,163.27
2024-02,1080,6,0,No Active Campaign,0.0,0,0,0.0,273,514,3,3,,152.57,163.27
2024-02,1112,1,0,No Active Campaign,0.0,0,0,0.0,269,725,1,1,,185.66,163.27
2024-02,1123,9,0,No Active Campaign,0.0,0,0,0.0,276,412,1,2,,71.69,81.63
2024-02,1127,5,0,No Active Campaign,0.0,0,0,0.0,193,424,3,3,,93.75,81.63
2024-02,1156,4,0,No Active Campaign,0.0,0,0,0.0,149,321,2,2,,101.1,122.45
2024-02,1159,2,0,No Active Campaign,0.0,0,0,0.0,234,311,1,3,,102.94,40.82
2024-02,1169,7,0,No Active Campaign,0.0,0,0,0.0,172,264,0,1,,45.96,81.63
2024-02,1173,1,0,No Active Campaign,0.0,0,0,0.0,221,359,1,2,,185.66,244.9
2024-02,1194,10,0,No Active Campaign,0.0,0,0,0.0,214,270,8,8,,36.76,122.45
2024-03,1018,2,0,No Active Campaign,0.0,0,0,0.0,301,694,4,5,,113.82,38.76
2024-03,1033,7,0,No Active Campaign,0.0,0,0,0.0,269,491,1,3,,55.28,0.0
2024-03,1049,4,0,No Active Campaign,0.0,0,0,0.0,226,367,1,2,,94.31,155.04
2024-03,1070,6,0,No Active Campaign,0.0,0,0,0.0,294,614,7,7,,126.83,116.28
2024-03,1071,10,0,No Active Campaign,0.0,0,0,0.0,180,246,2,3,,37.4,116.28
2024-03,1090,3,0,No Active Campaign,0.0,0,0,0.0,304,644,9,10,,133.33,38.76
2024-03,1118,2,1,Trade Fair,2851.32,55545,1424,2.564,1751,3985,73,148,19.27,113.82,155.04
2024-03,1120,1,0,No Active Campaign,0.0,0,0,0.0,287,740,3,3,,216.26,300.0
2024-03,1125,3,1,Paid Search,3966.51,99657,2481,2.49,3080,5792,47,168,23.61,133.33,155.04
2024-03,1131,8,0,No Active Campaign,0.0,0,0,0.0,221,391,2,3,,78.05,38.76
2024-03,1161,9,0,No Active Campaign,0.0,0,0,0.0,200,464,4,5,,63.41,77.52
2024-03,1174,8,0,No Active Campaign,0.0,0,0,0.0,172,278,3,3,,78.05,0.0
2024-03,1176,1,1,Email,4566.06,58870,1465,2.489,1673,3003,25,107,42.67,216.26,300.0
2024-03,1185,5,0,No Active Campaign,0.0,0,0,0.0,199,387,6,6,,81.3,38.76
2024-03,1188,7,0,No Active Campaign,0.0,0,0,0.0,294,479,3,3,,55.28,77.52
2024-04,1000,7,0,No Active Campaign,0.0,0,0,0.0,300,754,5,9,,63.79,80.97
2024-04,1004,1,0,No Active Campaign,0.0,0,0,0.0,313,651,3,5,,200.75,161.94
2024-04,1004,4,0,No Active Campaign,0.0,0,0,0.0,259,550,2,2,,76.92,300.0
2024-04,1011,9,0,No Active Campaign,0.0,0,0,0.0,328,876,4,4,,52.53,121.46
2024-04,1021,10,0,No Active Campaign,0.0,0,0,0.0,164,448,0,0,,46.9,40.49
2024-04,1041,10,0,No Active Campaign,0.0,0,0,0.0,203,367,2,2,,46.9,0.0
2024-04,1059,4,0,No Active Campaign,0.0,0,0,0.0,323,489,1,1,,76.92,161.94
2024-04,1071,6,1,Paid Search,3953.14,79748,2099,2.632,2705,3890,61,170,23.25,148.22,80.97
2024-04,1080,7,0,No Active Campaign,0.0,0,0,0.0,244,367,2,4,,63.79,40.49
2024-04,1088,6,0,No Active Campaign,0.0,0,0,0.0,320,628,9,9,,148.22,80.97
2024-04,1090,3,0,No Active Campaign,0.0,0,0,0.0,328,702,7,7,,114.45,121.46
2024-04,1101,7,1,Content,3561.6,84620,1979,2.339,2591,4035,67,189,18.84,63.79,40.49
2024-04,1109,3,0,No Active Campaign,0.0,0,0,0.0,276,720,12,14,,114.45,0.0
2024-04,1119,4,1,Partner,3782.18,75821,2174,2.867,2246,5958,71,201,18.82,76.92,161.94
2024-04,1126,1,0,No Active Campaign,0.0,0,0,0.0,246,440,1,2,,200.75,202.43
2024-04,1151,2,0,No Active Campaign,0.0,0,0,0.0,178,288,0,1,,110.69,202.43
2024-04,1157,4,0,No Active Campaign,0.0,0,0,0.0,203,394,3,5,,76.92,202.43
2024-04,1175,5,0,No Active Campaign,0.0,0,0,0.0,144,254,0,0,,97.56,80.97
2024-04,1196,6,0,No Active Campaign,0.0,0,0,0.0,308,654,9,9,,148.22,242.91
2024-05,1016,2,0,No Active Campaign,0.0,0,0,0.0,305,527,6,7,,91.64,39.37
2024-05,1019,10,0,No Active Campaign,0.0,0,0,0.0,244,413,1,1,,38.59,78.74
2024-05,1031,4,0,No Active Campaign,0.0,0,0,0.0,177,460,1,3,,102.89,0.0
2024-05,1032,1,0,No Active Campaign,0.0,0,0,0.0,254,605,5,5,,202.57,157.48
2024-05,1040,6,1,Email,3668.87,64544,1516,2.349,1652,3680,32,126,29.12,151.13,157.48
2024-05,1050,7,1,Content,3059.93,63718,1619,2.541,1731,2455,22,117,26.15,48.23,39.37
2024-05,1086,1,0,No Active Campaign,0.0,0,0,0.0,286,522,8,8,,202.57,300.0
2024-05,1086,9,0,No Active Campaign,0.0,0,0,0.0,279,679,4,4,,57.88,0.0
2024-05,1089,3,0,No Active Campaign,0.0,0,0,0.0,360,480,3,4,,106.11,118.11
2024-05,1100,5,0,No Active Campaign,0.0,0,0,0.0,302,509,4,8,,122.19,118.11
2024-05,1104,2,0,No Active Campaign,0.0,0,0,0.0,264,355,4,4,,91.64,39.37
2024-05,1123,2,0,No Active Campaign,0.0,0,0,0.0,302,441,3,4,,91.64,196.85
2024-05,1130,4,0,No Active Campaign,0.0,0,0,0.0,263,512,2,2,,102.89,118.11
2024-05,1159,1,0,No Active Campaign,0.0,0,0,0.0,246,372,2,2,,202.57,236.22
2024-05,1161,4,1,Paid Search,4081.07,108775,2273,2.09,2597,6760,51,176,23.19,102.89,118.11
2024-05,1169,4,0,No Active Campaign,0.0,0,0,0.0,180,375,3,3,,102.89,118.11
2024-05,1173,2,0,No Active Campaign,0.0,0,0,0.0,198,489,0,0,,91.64,157.48
2024-05,1182,1,0,No Active Campaign,0.0,0,0,0.0,229,554,8,8,,202.57,118.11
2024-05,1189,3,1,Trade Fair,5517.63,146688,3477,2.37,3425,6142,90,314,17.57,106.11,118.11
2024-06,1015,3,0,No Active Campaign,0.0,0,0,0.0,365,589,1,2,,119.05,212.77
2024-06,1034,1,0,No Active Campaign,0.0,0,0,0.0,260,586,0,2,,194.14,212.77
2024-06,1042,10,0,No Active Campaign,0.0,0,0,0.0,273,666,2,2,,40.29,0.0
2024-06,1044,2,0,No Active Campaign,0.0,0,0,0.0,251,332,3,3,,89.74,85.11
2024-06,1059,7,0,No Active Campaign,0.0,0,0,0.0,278,718,8,8,,51.28,0.0
2024-06,1088,9,1,Webinar,2466.56,70905,1883,2.656,1876,2905,51,162,15.23,71.43,85.11
2024-06,1121,5,0,No Active Campaign,0.0,0,0,0.0,211,565,4,5,,120.88,170.21
2024-06,1129,3,1,Partner,2328.44,39293,1132,2.881,1163,2794,12,77,30.24,119.05,85.11
2024-06,1133,3,0,No Active Campaign,0.0,0,0,0.0,258,415,2,2,,119.05,85.11
2024-06,1142,8,0,No Active Campaign,0.0,0,0,0.0,266,713,2,2,,93.41,212.77
2024-06,1162,5,0,No Active Campaign,0.0,0,0,0.0,193,384,2,2,,120.88,127.66
2024-06,1162,6,0,No Active Campaign,0.0,0,0,0.0,296,371,0,0,,124.54,127.66
2024-06,1179,6,0,No Active Campaign,0.0,0,0,0.0,227,347,0,1,,124.54,127.66
2024-07,1001,7,0,No Active Campaign,0.0,0,0,0.0,268,653,5,5,,46.88,81.97
2024-07,1005,5,0,No Active Campaign,0.0,0,0,0.0,255,532,3,3,,100.69,0.0
2024-07,1013,3,0,No Active Campaign,0.0,0,0,0.0,277,525,3,3,,88.54,40.98
2024-07,1026,2,0,No Active Campaign,0.0,0,0,0.0,240,614,2,3,,92.01,245.9
2024-07,1037,7,0,No Active Campaign,0.0,0,0,0.0,241,417,3,5,,46.88,81.97
2024-07,1041,10,0,No Active Campaign,0.0,0,0,0.0,181,315,2,3,,55.56,40.98
2024-07,1056,6,0,No Active Campaign,0.0,0,0,0.0,326,855,9,10,,164.93,163.93
2024-07,1065,7,0,No Active Campaign,0.0,0,0,0.0,254,433,4,5,,46.88,40.98
2024-07,1078,5,1,Paid Search,4721.7,69904,1527,2.184,2033,4413,61,163,28.97,100.69,81.97
2024-07,1081,1,0,No Active Campaign,0.0,0,0,0.0,289,609,6,8,,187.5,81.97
2024-07,1086,3,0,No Active Campaign,0.0,0,0,0.0,271,573,9,9,,88.54,163.93
2024-07,1090,7,0,No Active Campaign,0.0,0,0,0.0,217,478,8,9,,46.88,0.0
2024-07,1103,7,0,No Active Campaign,0.0,0,0,0.0,232,469,10,11,,46.88,40.98
2024-07,1179,1,0,No Active Campaign,0.0,0,0,0.0,206,574,3,3,,187.5,204.92
2024-08,1011,9,0,No Active Campaign,0.0,0,0,0.0,308,846,2,2,,54.22,40.65
2024-08,1018,7,0,No Active Campaign,0.0,0,0,0.0,255,621,3,3,,51.2,0.0
2024-08,1026,1,0,No Active Campaign,0.0,0,0,0.0,273,355,0,0,,210.84,162.6
2024-08,1061,4,1,Paid Search,1249.59,15026,350,2.329,522,953,10,27,46.28,88.86,40.65
2024-08,1076,10,0,No Active Campaign,0.0,0,0,0.0,194,371,5,5,,61.75,81.3
2024-08,1089,10,0,No Active Campaign,0.0,0,0,0.0,295,559,10,10,,61.75,121.95
2024-08,1100,10,0,No Active Campaign,0.0,0,0,0.0,233,410,4,4,,61.75,81.3
2024-08,1128,6,0,No Active Campaign,0.0,0,0,0.0,275,459,5,5,,138.55,121.95
2024-08,1157,9,0,No Active Campaign,0.0,0,0,0.0,197,474,2,3,,54.22,81.3
2024-08,1186,9,0,No Active Campaign,0.0,0,0,0.0,301,832,5,5,,54.22,40.65
2024-08,1197,5,0,No Active Campaign,0.0,0,0,0.0,252,419,2,3,,97.89,121.95
2024-08,1198,7,0,No Active Campaign,0.0,0,0,0.0,231,585,5,5,,51.2,40.65
2024-09,1000,1,0,No Active Campaign,0.0,0,0,0.0,355,988,4,4,,194.3,300.0
2024-09,1020,10,0,No Active Campaign,0.0,0,0,0.0,183,235,0,1,,41.0,0.0
2024-09,1022,8,0,No Active Campaign,0.0,0,0,0.0,292,671,4,4,,76.65,75.47
2024-09,1036,5,0,No Active Campaign,0.0,0,0,0.0,197,387,0,0,,99.82,75.47
2024-09,1039,1,0,No Active Campaign,0.0,0,0,0.0,262,444,0,3,,194.3,300.0
2024-09,1054,3,0,No Active Campaign,0.0,0,0,0.0,328,864,5,5,,117.65,75.47
2024-09,1058,8,0,No Active Campaign,0.0,0,0,0.0,324,644,5,7,,76.65,37.74
2024-09,1067,4,0,No Active Campaign,0.0,0,0,0.0,250,441,2,2,,80.21,150.94
2024-09,1083,4,1,Paid Search,1901.8,30658,707,2.306,884,1354,22,62,30.67,80.21,150.94
2024-09,1087,1,1,Paid Search,2926.96,43315,1012,2.336,1266,2537,31,83,35.26,194.3,75.47
2024-09,1087,9,0,No Active Campaign,0.0,0,0,0.0,304,563,7,8,,57.04,37.74
2024-09,1109,2,1,Content,1782.18,35251,974,2.763,1206,3006,49,104,17.14,117.65,150.94
2024-09,1112,4,0,No Active Campaign,0.0,0,0,0.0,286,465,4,5,,80.21,37.74
2024-09,1116,6,0,No Active Campaign,0.0,0,0,0.0,344,930,11,12,,155.08,113.21
2024-09,1123,7,0,No Active Campaign,0.0,0,0,0.0,255,322,0,0,,60.61,75.47
2024-09,1136,10,0,No Active Campaign,0.0,0,0,0.0,183,400,1,2,,41.0,37.74
2024-09,1144,6,0,No Active Campaign,0.0,0,0,0.0,235,426,1,1,,155.08,188.68
2024-09,1164,7,0,No Active Campaign,0.0,0,0,0.0,179,368,2,3,,60.61,113.21
2024-09,1170,7,0,No Active Campaign,0.0,0,0,0.0,175,378,0,0,,60.61,113.21
2024-09,1182,4,0,No Active Campaign,0.0,0,0,0.0,282,490,4,5,,80.21,113.21
2024-09,1197,1,0,No Active Campaign,0.0,0,0,0.0,322,643,7,8,,194.3,113.21
2024-10,1004,5,0,No Active Campaign,0.0,0,0,0.0,309,840,2,3,,79.08,44.05
2024-10,1009,8,0,No Active Campaign,0.0,0,0,0.0,337,539,3,3,,85.67,44.05
2024-10,1015,2,0,No Active Campaign,0.0,0,0,0.0,302,640,2,3,,110.38,88.11
2024-10,1016,7,1,Content,2811.19,40861,1040,2.545,1252,2439,11,89,31.59,52.72,88.11
2024-10,1019,1,0,No Active Campaign,0.0,0,0,0.0,329,686,0,1,,207.58,300.0
2024-10,1024,4,1,Paid Search,3389.55,90421,2460,2.721,2542,6222,39,190,17.84,108.73,88.11
2024-10,1024,7,0,No Active Campaign,0.0,0,0,0.0,237,563,2,2,,52.72,44.05
2024-10,1027,7,1,Email,1796.9,41597,1022,2.457,1408,2231,13,72,24.96,52.72,44.05
2024-10,1027,10,0,No Active Campaign,0.0,0,0,0.0,220,356,1,4,,51.07,44.05
2024-10,1033,1,1,Email,3477.42,72124,1915,2.655,1858,3801,10,100,34.77,207.58,264.32
2024-10,1033,7,0,No Active Campaign,0.0,0,0,0.0,294,576,1,2,,52.72,44.05
2024-10,1034,8,0,No Active Campaign,0.0,0,0,0.0,309,506,2,3,,85.67,88.11
2024-10,1038,9,0,No Active Campaign,0.0,0,0,0.0,318,730,5,6,,60.96,88.11
2024-10,1054,5,0,No Active Campaign,0.0,0,0,0.0,313,665,1,2,,79.08,132.16
2024-10,1055,6,0,No Active Campaign,0.0,0,0,0.0,364,654,4,4,,138.39,264.32
2024-10,1073,6,0,No Active Campaign,0.0,0,0,0.0,320,522,3,5,,138.39,44.05
2024-10,1097,3,0,No Active Campaign,0.0,0,0,0.0,319,821,6,7,,105.44,44.05
2024-10,1098,1,0,No Active Campaign,0.0,0,0,0.0,315,433,1,3,,207.58,132.16
2024-10,1098,8,0,No Active Campaign,0.0,0,0,0.0,330,606,5,5,,85.67,44.05
2024-10,1109,1,1,Partner,1770.92,30099,803,2.668,1330,2651,34,74,23.93,207.58,300.0
2024-10,1113,8,0,No Active Campaign,0.0,0,0,0.0,375,547,3,4,,85.67,88.11
2024-10,1123,8,0,No Active Campaign,0.0,0,0,0.0,277,664,2,2,,85.67,44.05
2024-10,1138,6,0,No Active Campaign,0.0,0,0,0.0,225,535,0,0,,138.39,44.05
2024-10,1146,8,0,No Active Campaign,0.0,0,0,0.0,211,274,1,1,,85.67,44.05
2024-10,1152,4,0,No Active Campaign,0.0,0,0,0.0,240,347,2,3,,108.73,0.0
2024-10,1157,6,0,No Active Campaign,0.0,0,0,0.0,270,415,1,1,,138.39,220.26
2024-10,1168,10,0,No Active Campaign,0.0,0,0,0.0,165,422,3,3,,51.07,44.05
2024-10,1184,3,0,No Active Campaign,0.0,0,0,0.0,295,429,3,3,,105.44,44.05
2024-10,1184,8,1,Paid Search,8329.83,147753,3568,2.415,3978,7749,98,286,29.13,85.67,88.11
2024-11,1001,5,1,Webinar,2098.65,26825,796,2.967,997,1916,20,58,36.18,94.31,149.81
2024-11,1015,5,0,No Active Campaign,0.0,0,0,0.0,300,414,2,4,,94.31,149.81
2024-11,1027,7,0,No Active Campaign,0.0,0,0,0.0,272,633,4,4,,55.16,112.36
2024-11,1046,5,0,No Active Campaign,0.0,0,0,0.0,342,909,6,6,,94.31,74.91
2024-11,1059,7,0,No Active Campaign,0.0,0,0,0.0,279,490,4,4,,55.16,0.0
2024-11,1062,5,0,No Active Campaign,0.0,0,0,0.0,263,589,6,7,,94.31,37.45
2024-11,1064,5,0,No Active Campaign,0.0,0,0,0.0,257,596,8,8,,94.31,37.45
2024-11,1077,9,0,No Active Campaign,0.0,0,0,0.0,277,630,8,8,,67.62,74.91
2024-11,1078,1,0,No Active Campaign,0.0,0,0,0.0,354,812,10,11,,181.49,299.63
2024-11,1097,8,0,No Active Campaign,0.0,0,0,0.0,353,886,8,9,,87.19,37.45
2024-11,1098,7,0,No Active Campaign,0.0,0,0,0.0,336,768,7,7,,55.16,0.0
2024-11,1103,9,0,No Active Campaign,0.0,0,0,0.0,354,683,11,11,,67.62,37.45
2024-11,1111,6,0,No Active Campaign,0.0,0,0,0.0,385,763,14,17,,185.05,187.27
2024-11,1141,9,0,No Active Campaign,0.0,0,0,0.0,249,693,3,5,,67.62,112.36
2024-11,1177,7,1,Paid Search,1660.49,42460,1160,2.732,1405,3572,10,73,22.75,55.16,112.36
2024-11,1181,2,0,No Active Campaign,0.0,0,0,0.0,299,424,3,4,,101.42,112.36
2024-11,1197,5,0,No Active Campaign,0.0,0,0,0.0,311,633,9,12,,94.31,112.36
2024-12,1004,7,0,No Active Campaign,0.0,0,0,0.0,295,465,1,3,,49.6,39.84
2024-12,1011,8,0,No Active Campaign,0.0,0,0,0.0,326,748,0,0,,70.4,199.2
2024-12,1019,5,0,No Active Campaign,0.0,0,0,0.0,293,697,0,1,,84.8,119.52
2024-12,1029,3,0,No Active Campaign,0.0,0,0,0.0,274,754,0,1,,96.0,79.68
2024-12,1029,4,0,No Active Campaign,0.0,0,0,0.0,265,689,2,3,,100.8,39.84
2024-12,1030,2,0,No Active Campaign,0.0,0,0,0.0,305,741,3,3,,123.2,119.52
2024-12,1047,5,0,No Active Campaign,0.0,0,0,0.0,290,377,2,2,,84.8,39.84
2024-12,1072,7,0,No Active Campaign,0.0,0,0,0.0,302,818,9,10,,49.6,79.68
2024-12,1073,8,1,Content,773.85,22282,519,2.329,797,2145,31,64,12.09,70.4,199.2
2024-12,1077,9,0,No Active Campaign,0.0,0,0,0.0,286,372,2,2,,49.6,159.36
2024-12,1104,5,0,No Active Campaign,0.0,0,0,0.0,322,553,1,1,,84.8,39.84
2024-12,1110,1,1,Content,9739.62,237845,6107,2.568,5404,10113,113,455,21.41,222.4,300.0
2024-12,1116,7,0,No Active Campaign,0.0,0,0,0.0,342,682,5,6,,49.6,39.84
2024-12,1137,1,1,Content,5608.79,139588,3397,2.434,4142,9957,76,290,19.34,222.4,278.88
2024-12,1146,5,0,No Active Campaign,0.0,0,0,0.0,200,374,0,0,,84.8,119.52
2024-12,1160,7,0,No Active Campaign,0.0,0,0,0.0,187,242,1,1,,49.6,0.0
2024-12,1186,5,1,Email,3908.93,61444,1786,2.907,2089,5251,71,182,21.48,84.8,79.68
2025-01,1004,1,0,No Active Campaign,0.0,0,0,0.0,371,672,1,2,,235.4,300.0
2025-01,1009,1,0,No Active Campaign,0.0,0,0,0.0,376,1005,5,9,,235.4,300.0
2025-01,1057,4,0,No Active Campaign,0.0,0,0,0.0,288,786,4,4,,101.37,171.67
2025-01,1057,6,0,No Active Campaign,0.0,0,0,0.0,340,449,1,2,,144.33,128.76
2025-01,1066,7,0,No Active Campaign,0.0,0,0,0.0,276,348,1,3,,49.83,42.92
2025-01,1087,3,0,No Active Campaign,0.0,0,0,0.0,390,623,6,7,,104.81,171.67
2025-01,1088,5,1,Paid Search,3255.96,77794,2002,2.573,2434,5557,71,175,18.61,91.07,85.84
2025-01,1089,6,0,No Active Campaign,0.0,0,0,0.0,378,1010,8,9,,144.33,171.67
2025-01,1121,1,0,No Active Campaign,0.0,0,0,0.0,277,643,2,3,,235.4,214.59
2025-01,1147,6,1,Email,4959.22,138943,3022,2.175,3718,7370,33,214,23.17,144.33,128.76
2025-01,1148,6,0,No Active Campaign,0.0,0,0,0.0,249,420,0,1,,144.33,128.76
2025-01,1168,2,1,Content,4020.32,122253,2462,2.014,2996,6237,33,162,24.82,118.56,42.92
2025-01,1172,1,0,No Active Campaign,0.0,0,0,0.0,160,440,3,4,,235.4,85.84
2025-01,1184,7,0,No Active Campaign,0.0,0,0,0.0,273,500,5,5,,49.83,0.0
2025-01,1191,3,0,No Active Campaign,0.0,0,0,0.0,267,664,5,6,,104.81,85.84
2025-02,1005,5,0,No Active Campaign,0.0,0,0,0.0,284,646,3,3,,70.67,44.44
2025-02,1005,8,0,No Active Campaign,0.0,0,0,0.0,283,392,1,1,,58.3,44.44
2025-02,1006,9,1,Webinar,8184.13,157908,3572,2.262,3608,7547,37,252,32.48,60.07,88.89
2025-02,1053,8,0,No Active Campaign,0.0,0,0,0.0,308,821,7,7,,58.3,44.44
2025-02,1063,5,0,No Active Campaign,0.0,0,0,0.0,270,745,5,6,,70.67,133.33
2025-02,1068,10,0,No Active Campaign,0.0,0,0,0.0,196,441,4,4,,51.24,44.44
2025-02,1089,1,0,No Active Campaign,0.0,0,0,0.0,339,946,14,16,,227.92,266.67
2025-02,1093,3,0,No Active Campaign,0.0,0,0,0.0,348,916,11,12,,102.47,88.89
2025-02,1093,5,0,No Active Campaign,0.0,0,0,0.0,263,418,5,5,,70.67,133.33
2025-02,1111,6,0,No Active Campaign,0.0,0,0,0.0,399,1083,12,14,,155.48,266.67
2025-02,1115,6,0,No Active Campaign,0.0,0,0,0.0,359,601,7,7,,155.48,266.67
2025-02,1162,7,0,No Active Campaign,0.0,0,0,0.0,185,455,0,0,,58.3,44.44
2025-02,1175,4,0,No Active Campaign,0.0,0,0,0.0,162,424,4,4,,97.17,0.0
2025-02,1185,3,0,No Active Campaign,0.0,0,0,0.0,310,810,9,11,,102.47,88.89
2025-03,1011,3,0,No Active Campaign,0.0,0,0,0.0,361,927,4,4,,96.46,214.59
2025-03,1022,4,1,Email,5912.45,93999,2185,2.324,2109,5063,59,175,33.79,102.89,85.84
2025-03,1034,5,0,No Active Campaign,0.0,0,0,0.0,269,701,1,2,,94.86,214.59
2025-03,1040,7,0,No Active Campaign,0.0,0,0,0.0,318,655,1,2,,43.41,85.84
2025-03,1048,1,0,No Active Campaign,0.0,0,0,0.0,367,745,2,2,,199.36,257.51
2025-03,1056,1,1,Partner,6385.16,156176,3933,2.518,4061,9594,84,305,20.93,199.36,257.51
2025-03,1066,1,1,Webinar,6858.19,151448,4239,2.799,4821,10743,175,401,17.1,199.36,214.59
2025-03,1088,1,1,Partner,4927.9,100334,2481,2.473,3018,5324,81,234,21.06,199.36,257.51
2025-03,1106,5,0,No Active Campaign,0.0,0,0,0.0,295,804,11,11,,94.86,214.59
2025-03,1110,5,0,No Active Campaign,0.0,0,0,0.0,297,802,10,10,,94.86,214.59
2025-03,1136,1,0,No Active Campaign,0.0,0,0,0.0,269,340,2,4,,199.36,257.51
2025-03,1147,7,0,No Active Campaign,0.0,0,0,0.0,211,397,2,2,,43.41,42.92
2025-03,1172,7,0,No Active Campaign,0.0,0,0,0.0,203,376,2,3,,43.41,128.76
2025-03,1192,8,0,No Active Campaign,0.0,0,0,0.0,264,682,7,7,,62.7,42.92
2025-03,1197,3,1,Email,3579.94,59573,1672,2.807,2306,4361,59,159,22.52,96.46,171.67
2025-03,1198,5,0,No Active Campaign,0.0,0,0,0.0,272,752,5,6,,94.86,171.67
2025-04,1031,8,0,No Active Campaign,0.0,0,0,0.0,283,545,2,2,,71.04,0.0
2025-04,1042,3,0,No Active Campaign,0.0,0,0,0.0,313,393,3,3,,102.0,43.1
2025-04,1048,7,0,No Active Campaign,0.0,0,0,0.0,238,516,4,4,,49.18,43.1
2025-04,1065,7,1,Content,4525.85,48772,1199,2.458,1590,4443,68,139,32.56,49.18,43.1
2025-04,1071,1,0,No Active Campaign,0.0,0,0,0.0,268,667,10,12,,178.51,86.21
2025-04,1097,6,0,No Active Campaign,0.0,0,0,0.0,292,770,8,9,,198.54,0.0
2025-04,1102,3,0,No Active Campaign,0.0,0,0,0.0,372,674,11,11,,102.0,86.21
2025-04,1112,1,0,No Active Campaign,0.0,0,0,0.0,369,793,10,11,,178.51,300.0
2025-04,1121,4,0,No Active Campaign,0.0,0,0,0.0,244,624,1,1,,102.0,215.52
2025-04,1135,5,0,No Active Campaign,0.0,0,0,0.0,267,525,5,5,,85.61,129.31
2025-04,1141,8,0,No Active Campaign,0.0,0,0,0.0,199,322,0,1,,71.04,86.21
2025-04,1176,1,1,Webinar,4123.56,93627,2244,2.397,2667,6847,62,187,22.05,178.51,215.52
2025-04,1190,4,0,No Active Campaign,0.0,0,0,0.0,233,438,8,8,,102.0,0.0
2025-04,1194,1,0,No Active Campaign,0.0,0,0,0.0,368,462,7,8,,178.51,300.0
2025-04,1196,2,0,No Active Campaign,0.0,0,0,0.0,250,508,6,6,,96.54,172.41
2025-04,1196,7,0,No Active Campaign,0.0,0,0,0.0,301,440,7,7,,49.18,86.21
2025-05,1018,2,0,No Active Campaign,0.0,0,0,0.0,331,836,4,4,,117.44,112.36
2025-05,1022,9,1,Content,1660.02,30086,824,2.739,1057,2324,26,75,22.13,55.16,37.45
2025-05,1048,1,0,No Active Campaign,0.0,0,0,0.0,283,402,1,1,,199.29,149.81
2025-05,1055,6,0,No Active Campaign,0.0,0,0,0.0,360,976,8,10,,179.72,112.36
2025-05,1059,4,0,No Active Campaign,0.0,0,0,0.0,290,811,5,6,,96.09,112.36
2025-05,1060,6,1,Trade Fair,6576.38,103347,2396,2.318,2290,5460,63,195,33.73,179.72,112.36
2025-05,1071,5,0,No Active Campaign,0.0,0,0,0.0,243,551,9,9,,83.63,37.45
2025-05,1082,2,0,No Active Campaign,0.0,0,0,0.0,295,771,7,8,,117.44,224.72
2025-05,1091,9,0,No Active Campaign,0.0,0,0,0.0,326,772,9,9,,55.16,37.45
2025-05,1112,1,0,No Active Campaign,0.0,0,0,0.0,310,746,11,11,,199.29,112.36
2025-05,1112,3,0,No Active Campaign,0.0,0,0,0.0,337,780,8,8,,94.31,74.91
2025-05,1133,2,0,No Active Campaign,0.0,0,0,0.0,284,735,3,3,,117.44,37.45
2025-05,1143,1,0,No Active Campaign,0.0,0,0,0.0,209,570,3,3,,199.29,37.45
2025-05,1170,1,0,No Active Campaign,0.0,0,0,0.0,253,642,2,3,,199.29,224.72
2025-05,1188,10,0,No Active Campaign,0.0,0,0,0.0,231,590,6,6,,49.82,149.81
2025-06,1000,10,0,No Active Campaign,0.0,0,0,0.0,233,435,0,1,,48.87,41.15
2025-06,1001,2,1,Email,8605.89,213187,5206,2.442,5315,9932,83,389,22.12,90.75,205.76
2025-06,1012,4,1,Paid Search,5239.16,139217,3191,2.292,3284,8626,74,266,19.7,108.2,123.46
2025-06,1025,2,0,No Active Campaign,0.0,0,0,0.0,283,570,2,2,,90.75,205.76
2025-06,1028,7,0,No Active Campaign,0.0,0,0,0.0,194,473,3,4,,59.34,41.15
2025-06,1041,6,1,Paid Search,1843.62,44600,1013,2.271,1185,2837,7,65,28.36,153.58,82.3
2025-06,1045,1,0,No Active Campaign,0.0,0,0,0.0,332,424,2,3,,186.74,205.76
2025-06,1063,8,0,No Active Campaign,0.0,0,0,0.0,304,417,6,6,,73.3,41.15
2025-06,1068,2,0,No Active Campaign,0.0,0,0,0.0,260,707,9,9,,90.75,82.3
2025-06,1080,3,0,No Active Campaign,0.0,0,0,0.0,368,706,4,5,,101.22,205.76
2025-06,1082,5,0,No Active Campaign,0.0,0,0,0.0,241,489,1,1,,102.97,0.0
2025-06,1083,6,0,No Active Campaign,0.0,0,0,0.0,341,595,11,11,,153.58,123.46
2025-06,1100,1,1,Webinar,12241.19,282796,7263,2.568,8304,15430,182,599,20.44,186.74,123.46
2025-06,1113,5,0,No Active Campaign,0.0,0,0,0.0,327,862,7,8,,102.97,123.46
2025-06,1114,1,1,Trade Fair,4356.52,107375,2583,2.406,2633,5180,67,205,21.25,186.74,123.46
2025-06,1129,9,0,No Active Campaign,0.0,0,0,0.0,241,311,1,1,,75.04,41.15
2025-06,1138,9,0,No Active Campaign,0.0,0,0,0.0,235,612,1,1,,75.04,41.15
2025-06,1167,4,0,No Active Campaign,0.0,0,0,0.0,177,352,0,0,,108.2,123.46
2025-06,1175,10,1,Webinar,1079.75,17820,424,2.379,556,1038,5,23,46.95,48.87,41.15
2025-07,1004,8,0,No Active Campaign,0.0,0,0,0.0,366,566,1,2,,63.03,76.92
2025-07,1012,5,0,No Active Campaign,0.0,0,0,0.0,237,447,4,4,,105.62,76.92
2025-07,1024,10,0,No Active Campaign,0.0,0,0,0.0,197,310,1,1,,44.29,0.0
2025-07,1035,1,1,Partner,9258.25,244606,5789,2.367,5312,12319,94,428,21.63,172.06,269.23
2025-07,1053,3,1,Email,4570.94,72285,1714,2.371,1906,4088,32,117,39.07,100.51,192.31
2025-07,1069,5,1,Email,6640.48,176301,4073,2.31,4432,9678,136,348,19.08,105.62,38.46
2025-07,1078,4,0,No Active Campaign,0.0,0,0,0.0,268,373,7,7,,91.99,115.38
2025-07,1079,5,1,Paid Search,2728.49,37394,895,2.393,1006,2051,23,76,35.9,105.62,38.46
2025-07,1108,10,0,No Active Campaign,0.0,0,0,0.0,239,541,8,8,,44.29,76.92
2025-07,1121,4,0,No Active Campaign,0.0,0,0,0.0,211,497,2,2,,91.99,76.92
2025-07,1123,9,0,No Active Campaign,0.0,0,0,0.0,236,477,3,3,,74.96,0.0
2025-07,1129,8,0,No Active Campaign,0.0,0,0,0.0,269,493,1,1,,63.03,38.46
2025-07,1130,5,0,No Active Campaign,0.0,0,0,0.0,229,343,3,5,,105.62,76.92
2025-07,1139,7,0,No Active Campaign,0.0,0,0,0.0,240,482,1,1,,63.03,76.92
2025-07,1152,9,0,No Active Campaign,0.0,0,0,0.0,178,447,2,2,,74.96,0.0
2025-07,1155,9,0,No Active Campaign,0.0,0,0,0.0,185,426,2,2,,74.96,0.0
2025-07,1176,6,1,Partner,3262.84,90320,2287,2.532,2700,6111,54,202,16.15,172.06,300.0
2025-08,1000,2,0,No Active Campaign,0.0,0,0,0.0,278,509,1,1,,84.19,139.86
2025-08,1008,3,0,No Active Campaign,0.0,0,0,0.0,336,508,2,2,,99.66,244.76
2025-08,1010,4,0,No Active Campaign,0.0,0,0,0.0,267,513,3,3,,84.19,104.9
2025-08,1010,6,0,No Active Campaign,0.0,0,0,0.0,343,450,1,2,,192.44,139.86
2025-08,1018,9,0,No Active Campaign,0.0,0,0,0.0,386,983,4,4,,75.6,139.86
2025-08,1027,4,0,No Active Campaign,0.0,0,0,0.0,192,513,0,1,,84.19,34.97
2025-08,1028,5,0,No Active Campaign,0.0,0,0,0.0,220,379,4,4,,96.22,139.86
2025-08,1042,3,1,Webinar,290.16,4723,115,2.435,382,607,2,6,48.36,99.66,69.93
2025-08,1063,2,0,No Active Campaign,0.0,0,0,0.0,217,296,3,3,,84.19,104.9
2025-08,1063,3,0,No Active Campaign,0.0,0,0,0.0,319,402,0,0,,99.66,104.9
2025-08,1071,5,1,Trade Fair,1591.69,21891,487,2.225,622,1401,19,46,34.6,96.22,174.83
2025-08,1092,3,0,No Active Campaign,0.0,0,0,0.0,297,679,10,11,,99.66,104.9
2025-08,1112,6,1,Email,3901.08,110896,3218,2.902,3198,4570,61,251,15.54,192.44,69.93
2025-08,1130,9,0,No Active Campaign,0.0,0,0,0.0,268,466,1,1,,75.6,0.0
2025-08,1131,3,1,Trade Fair,2035.88,17183,455,2.648,786,1246,6,34,59.88,99.66,69.93
2025-08,1134,10,0,No Active Campaign,0.0,0,0,0.0,199,508,1,1,,34.36,0.0
2025-08,1145,3,0,No Active Campaign,0.0,0,0,0.0,170,337,0,0,,99.66,34.97
2025-08,1145,5,0,No Active Campaign,0.0,0,0,0.0,165,369,0,0,,96.22,69.93
2025-08,1151,4,0,No Active Campaign,0.0,0,0,0.0,176,320,0,0,,84.19,104.9
2025-08,1177,3,1,Webinar,1383.47,38024,814,2.141,951,2151,9,45,30.74,99.66,209.79
2025-08,1197,6,0,No Active Campaign,0.0,0,0,0.0,262,508,5,5,,192.44,34.97
2025-09,1002,1,0,No Active Campaign,0.0,0,0,0.0,329,920,8,8,,187.61,300.0
2025-09,1004,6,0,No Active Campaign,0.0,0,0,0.0,397,725,2,2,,150.44,266.67
2025-09,1051,1,0,No Active Campaign,0.0,0,0,0.0,324,903,6,7,,187.61,300.0
2025-09,1055,5,0,No Active Campaign,0.0,0,0,0.0,285,424,0,0,,77.88,88.89
2025-09,1066,10,0,No Active Campaign,0.0,0,0,0.0,213,430,10,11,,44.25,44.44
2025-09,1109,1,0,No Active Campaign,0.0,0,0,0.0,342,649,8,9,,187.61,44.44
2025-09,1119,2,0,No Active Campaign,0.0,0,0,0.0,311,598,5,7,,115.04,133.33
2025-09,1120,1,0,No Active Campaign,0.0,0,0,0.0,279,578,3,5,,187.61,88.89
2025-09,1152,1,0,No Active Campaign,0.0,0,0,0.0,233,611,2,2,,187.61,133.33
2025-09,1177,3,0,No Active Campaign,0.0,0,0,0.0,202,424,0,1,,129.2,44.44
2025-09,1180,8,0,No Active Campaign,0.0,0,0,0.0,269,533,5,5,,86.73,0.0
2025-09,1181,4,0,No Active Campaign,0.0,0,0,0.0,278,375,4,4,,67.26,0.0
2025-09,1191,7,0,No Active Campaign,0.0,0,0,0.0,292,689,7,7,,60.18,88.89
2025-09,1196,4,1,Paid Search,5015.88,81452,1930,2.369,1956,3194,41,159,31.55,67.26,0.0
2025-10,1003,4,0,No Active Campaign,0.0,0,0,0.0,336,556,0,0,,78.43,218.98
2025-10,1017,2,1,Content,1479.37,20552,626,3.046,1084,1659,5,46,32.16,98.04,109.49
2025-10,1032,9,0,No Active Campaign,0.0,0,0,0.0,316,412,2,2,,58.82,0.0
2025-10,1051,10,0,No Active Campaign,0.0,0,0,0.0,245,448,3,3,,45.75,36.5
2025-10,1063,1,0,No Active Campaign,0.0,0,0,0.0,315,655,7,8,,217.32,218.98
2025-10,1069,2,0,No Active Campaign,0.0,0,0,0.0,286,682,9,10,,98.04,0.0
2025-10,1077,4,0,No Active Campaign,0.0,0,0,0.0,241,624,6,6,,78.43,72.99
2025-10,1078,7,1,Email,1822.05,33317,766,2.299,1186,1932,34,88,20.71,57.19,36.5
2025-10,1089,8,0,No Active Campaign,0.0,0,0,0.0,320,728,9,9,,76.8,0.0
2025-10,1090,7,0,No Active Campaign,0.0,0,0,0.0,359,693,11,11,,57.19,72.99
2025-10,1090,9,0,No Active Campaign,0.0,0,0,0.0,359,588,6,7,,58.82,72.99
2025-10,1091,5,0,No Active Campaign,0.0,0,0,0.0,281,412,7,7,,112.75,145.99
2025-10,1104,7,0,No Active Campaign,0.0,0,0,0.0,384,517,2,3,,57.19,0.0
2025-10,1107,5,0,No Active Campaign,0.0,0,0,0.0,308,616,7,7,,112.75,36.5
2025-10,1108,10,1,Paid Search,3816.7,85175,2142,2.515,2815,4817,65,203,18.8,45.75,0.0
2025-10,1110,6,0,No Active Campaign,0.0,0,0,0.0,381,504,3,5,,160.13,145.99
2025-10,1117,10,0,No Active Campaign,0.0,0,0,0.0,270,641,8,8,,45.75,0.0
2025-10,1131,9,0,No Active Campaign,0.0,0,0,0.0,248,624,2,2,,58.82,0.0
2025-10,1161,6,0,No Active Campaign,0.0,0,0,0.0,247,327,1,3,,160.13,255.47
2025-10,1165,3,0,No Active Campaign,0.0,0,0,0.0,259,370,2,2,,94.77,145.99
2025-10,1189,6,0,No Active Campaign,0.0,0,0,0.0,372,969,7,7,,160.13,72.99
2025-10,1196,9,1,Paid Search,2754.15,66329,1790,2.699,1882,3895,43,159,17.32,58.82,182.48
2025-11,1018,5,0,No Active Campaign,0.0,0,0,0.0,324,691,2,2,,86.18,129.87
2025-11,1023,9,0,No Active Campaign,0.0,0,0,0.0,263,466,1,3,,66.67,43.29
2025-11,1032,4,0,No Active Campaign,0.0,0,0,0.0,307,460,3,3,,108.94,43.29
2025-11,1033,1,0,No Active Campaign,0.0,0,0,0.0,268,738,2,2,,190.24,86.58
2025-11,1053,3,0,No Active Campaign,0.0,0,0,0.0,293,596,2,2,,100.81,86.58
2025-11,1060,5,0,No Active Campaign,0.0,0,0,0.0,279,659,6,6,,86.18,86.58
2025-11,1080,1,0,No Active Campaign,0.0,0,0,0.0,351,903,15,15,,190.24,216.45
2025-11,1085,1,0,No Active Campaign,0.0,0,0,0.0,371,929,19,19,,190.24,216.45
2025-11,1103,9,0,No Active Campaign,0.0,0,0,0.0,339,885,9,9,,66.67,43.29
2025-11,1122,7,0,No Active Campaign,0.0,0,0,0.0,263,482,1,2,,40.65,43.29
2025-11,1127,7,0,No Active Campaign,0.0,0,0,0.0,259,687,3,5,,40.65,43.29
2025-11,1145,8,1,Paid Search,4723.55,112952,2754,2.438,3291,8686,36,200,23.62,76.42,86.58
2025-11,1147,7,0,No Active Campaign,0.0,0,0,0.0,191,281,2,2,,40.65,0.0
2025-11,1162,9,0,No Active Campaign,0.0,0,0,0.0,221,363,2,2,,66.67,86.58
2025-11,1169,7,0,No Active Campaign,0.0,0,0,0.0,250,362,1,1,,40.65,129.87
2025-11,1182,4,0,No Active Campaign,0.0,0,0,0.0,244,311,3,3,,108.94,43.29
2025-11,1184,8,0,No Active Campaign,0.0,0,0,0.0,313,772,5,5,,76.42,86.58
2025-12,1001,10,0,No Active Campaign,0.0,0,0,0.0,235,397,2,3,,38.53,38.91
2025-12,1003,9,1,Email,2404.63,32531,865,2.659,1118,2345,10,70,34.35,96.32,77.82
2025-12,1009,8,0,No Active Campaign,0.0,0,0,0.0,324,613,2,3,,66.55,38.91
2025-12,1010,6,0,No Active Campaign,0.0,0,0,0.0,391,781,2,2,,145.36,272.37
2025-12,1011,5,0,No Active Campaign,0.0,0,0,0.0,350,532,0,2,,117.34,77.82
2025-12,1019,5,0,No Active Campaign,0.0,0,0,0.0,271,616,1,1,,117.34,77.82
2025-12,1020,9,0,No Active Campaign,0.0,0,0,0.0,350,666,2,3,,96.32,38.91
2025-12,1050,7,0,No Active Campaign,0.0,0,0,0.0,291,797,4,5,,52.54,38.91
2025-12,1059,6,0,No Active Campaign,0.0,0,0,0.0,376,944,2,2,,145.36,233.46
2025-12,1076,9,0,No Active Campaign,0.0,0,0,0.0,284,553,3,3,,96.32,38.91
2025-12,1091,9,0,No Active Campaign,0.0,0,0,0.0,309,747,10,11,,96.32,38.91
2025-12,1093,7,0,No Active Campaign,0.0,0,0,0.0,353,864,11,12,,52.54,116.73
2025-12,1098,8,1,Email,10234.79,234924,6274,2.671,7565,15772,186,563,18.18,66.55,0.0
2025-12,1106,6,0,No Active Campaign,0.0,0,0,0.0,303,469,9,10,,145.36,77.82
2025-12,1111,1,0,No Active Campaign,0.0,0,0,0.0,348,537,15,16,,187.39,116.73
2025-12,1124,3,0,No Active Campaign,0.0,0,0,0.0,264,331,0,1,,89.32,116.73
2025-12,1124,5,0,No Active Campaign,0.0,0,0,0.0,225,561,4,4,,117.34,38.91
2025-12,1136,7,0,No Active Campaign,0.0,0,0,0.0,224,443,1,1,,52.54,38.91
2025-12,1156,4,0,No Active Campaign,0.0,0,0,0.0,222,420,1,3,,91.07,116.73
2025-12,1177,6,1,Paid Search,1970.08,60453,1566,2.59,1817,3603,16,108,18.24,145.36,116.73
2025-12,1185,6,1,Email,3904.22,84349,2346,2.781,2178,4338,57,188,20.77,145.36,194.55
2025-12,1188,6,0,No Active Campaign,0.0,0,0,0.0,324,431,3,3,,145.36,194.55
