inventory_id,year_month,product_id,region_id,opening_stock_units,production_units,ending_stock_units,stockout_flag,inventory_value_eur,zero_stock_flag
66661,2025-10-01,1141,9,8,14,11,False,6849.95,0
6185,2021-06-01,1174,2,7,10,10,False,2552.87,0
67434,2025-11-01,1056,6,33,42,44,False,18531.24,0
23691,2022-10-01,1157,8,310,149,275,False,172954.64,0
32916,2023-06-01,1127,6,9,12,10,False,5715.44,0
20154,2022-07-01,1108,8,3,3,3,False,1543.37,0
2311,2021-03-01,1035,8,15,14,13,False,5020.45,0
17519,2022-05-01,1029,4,39,43,46,False,23781.11,0
3873,2021-04-01,1125,5,103,88,124,False,5613.88,0
65978,2025-10-01,1047,5,133,132,100,False,10871.45,0
15256,2022-03-01,1020,8,36,24,35,False,2417.45,0
6995,2021-07-01,1136,9,38,75,58,False,5138.51,0
23673,2022-10-01,1154,5,99,106,116,False,65426.22,0
44968,2024-04-01,1153,5,37,20,31,False,14656.91,0
62267,2025-07-01,1008,2,477,951,756,False,256377.42,0
28367,2023-02-01,1126,3,25,38,26,False,16227.01,0
30054,2023-04-01,1026,10,117,57,102,False,21008.0,0
13898,2022-01-01,1164,3,8,9,8,False,1727.74,0
11403,2021-11-01,1137,9,16,18,20,False,2611.53,0
29279,2023-03-01,1095,4,6,5,5,False,1527.06,0
36108,2023-09-01,1126,8,38,37,41,False,1962.18,0
40411,2023-12-01,1180,2,42,42,42,False,17447.22,0
43719,2024-03-01,1143,3,13,11,15,False,4802.41,0
35724,2023-09-01,1060,4,9,8,10,False,579.89,0
2991,2021-03-01,1161,6,59,76,79,False,15169.45,0
69263,2025-12-01,1114,6,137,109,157,False,64163.86,0
41482,2024-01-01,1163,4,95,90,113,False,57464.96,0
14140,2022-02-01,1009,3,3,4,3,False,1362.26,0
46980,2024-06-01,1087,6,120,101,134,False,32595.27,0
6794,2021-07-01,1094,7,97,57,94,False,29780.22,0
69814,2025-12-01,1194,3,105,101,134,False,65617.08,0
46846,2024-06-01,1065,3,15,8,14,False,547.95,0
39811,2023-12-01,1090,9,46,68,65,False,30831.06,0
21421,2022-08-01,1169,1,86,68,70,False,22049.32,0
35682,2023-09-01,1054,5,163,82,153,False,35438.22,0
2976,2021-03-01,1157,5,19,46,33,False,18068.17,0
9076,2021-09-01,1164,7,7,8,8,False,3764.91,0
64946,2025-09-01,1087,2,45,37,55,False,16439.99,0
22063,2022-09-01,1085,4,3,3,2,False,603.85,0
4129,2021-04-01,1179,9,26,21,32,False,8874.19,0
8172,2021-08-01,1188,3,33,26,34,False,6078.63,0
24800,2022-11-01,1129,4,39,28,38,False,4697.96,0
67473,2025-11-01,1061,3,19,31,20,False,10842.23,0
63297,2025-07-01,1195,9,25,12,23,False,6468.58,0
18986,2022-06-01,1090,1,80,88,100,False,6800.61,0
63022,2025-07-01,1138,9,19,21,12,False,1691.6,0
60909,2025-05-01,1184,3,72,63,91,False,12761.21,0
58042,2025-03-01,1106,6,18,22,12,False,6727.17,0
66652,2025-10-01,1139,10,26,20,19,False,1277.4,0
19165,2022-06-01,1120,1,22,12,20,False,9561.99,0
69363,2025-12-01,1128,6,161,183,214,False,13882.35,0
41051,2024-01-01,1084,6,23,24,18,False,10549.24,0
39794,2023-12-01,1087,6,221,144,203,False,35628.64,0
15598,2022-03-01,1080,2,94,96,120,False,10334.2,0
43496,2024-03-01,1107,5,144,158,182,False,114187.92,0
35654,2023-09-01,1050,4,47,37,38,False,10367.48,0
3289,2021-04-01,1016,7,49,61,56,False,20787.9,0
17021,2022-04-01,1136,6,51,28,48,False,25426.96,0
58240,2025-03-01,1138,5,7,15,11,False,1331.23,0
33516,2023-07-01,1041,2,4,6,5,False,3052.87,0
59302,2025-04-01,1116,1,80,89,72,False,12846.36,0
68669,2025-12-01,1031,10,10,22,16,False,9310.94,0
12587,2021-12-01,1129,1,145,188,200,False,55344.73,0
19864,2022-07-01,1054,2,41,42,35,False,18261.12,0
62394,2025-07-01,1030,8,146,69,126,False,52595.52,0
37860,2023-10-01,1198,9,42,36,48,False,25215.77,0
18946,2022-06-01,1083,2,56,86,63,False,21775.42,0
47197,2024-06-01,1123,9,107,117,85,False,21555.98,0
47906,2024-07-01,1054,3,26,44,35,False,8324.62,0
39231,2023-12-01,1007,1,45,72,62,False,18271.68,0
65186,2025-09-01,1123,7,134,94,123,False,76114.02,0
8312,2021-09-01,1018,1,167,77,142,False,34423.81,0
5764,2021-06-01,1092,7,114,78,127,False,51793.27,0
17944,2022-05-01,1101,6,48,49,56,False,15378.54,0
44851,2024-04-01,1131,6,69,51,63,False,3518.11,0
59128,2025-04-01,1086,3,107,60,107,False,56611.33,0
6426,2021-07-01,1019,3,29,22,34,False,13130.14,0
22148,2022-09-01,1098,10,93,107,122,False,78312.11,0
53475,2024-11-01,1181,2,84,68,89,False,40384.81,0
29988,2023-04-01,1015,4,100,71,81,False,48986.09,0
5580,2021-06-01,1057,10,92,144,120,False,44162.05,0
43281,2024-03-01,1069,6,104,89,118,False,65353.5,0
62586,2025-07-01,1063,7,67,64,58,False,32510.31,0
23298,2022-10-01,1095,5,21,20,24,False,2803.17,0
5971,2021-06-01,1129,4,3,6,4,False,394.81,0
59407,2025-04-01,1131,5,33,20,28,False,14867.9,0
10707,2021-11-01,1027,3,127,140,87,False,11108.73,0
53796,2024-12-01,1026,9,9,7,7,False,1811.32,0
45403,2024-05-01,1026,5,29,29,36,False,18264.0,0
47294,2024-06-01,1139,1,328,258,367,False,40802.06,0
22041,2022-09-01,1081,2,10,8,11,False,5759.81,0
15364,2022-03-01,1040,5,109,126,146,False,34528.5,0
25435,2022-12-01,1034,1,7,7,5,False,957.74,0
22894,2022-10-01,1032,4,1,1,1,False,417.2,0
63066,2025-07-01,1150,4,110,168,158,False,16963.05,0
22908,2022-10-01,1034,1,135,105,157,False,64128.97,0
2287,2021-03-01,1031,7,76,86,89,False,5859.22,0
8007,2021-08-01,1153,9,16,21,18,False,7687.75,0
46420,2024-05-01,1194,5,122,152,115,False,22049.73,0
65434,2025-09-01,1167,6,20,9,17,False,3682.2,0
