return_id,sales_id,date_id,return_date,customer_id,product_id,region_id,return_units,return_value_eur,return_reason
1744,63344,20231202,2023-12-02,1017,1106,1,4,5249.03,Defect
2197,4587,20230630,2023-06-30,779,1097,5,32,21133.98,Defect
1729,32769,20250529,2025-05-29,179,1077,6,30,6581.41,Defect
3338,105210,20231104,2023-11-04,238,1192,4,15,3748.78,Defect
299,81691,20240528,2024-05-28,1158,1171,6,38,1615.51,Defect
1838,31372,20250110,2025-01-10,706,1081,8,1,776.55,Defect
4017,76237,20251209,2025-12-09,417,1078,6,16,2559.9,Defect
352,87645,20240324,2024-03-24,37,1094,3,3,2152.11,Defect
3316,2990,20250127,2025-01-27,1052,1100,3,1,1433.61,Defect
2459,32503,20250704,2025-07-04,164,1162,4,4,207.31,Defect
1030,33230,20231222,2023-12-22,293,1010,6,2,1314.64,Customer Cancellation
2320,4911,20240828,2024-08-28,283,1057,3,5,1949.87,Defect
1478,116464,20230527,2023-05-27,1070,1163,5,11,578.48,Shipping Damage
3774,7802,20230429,2023-04-29,1038,1105,1,2,2030.16,Defect
2903,109049,20251006,2025-10-06,267,1184,9,1,217.64,Other
2293,77255,20220917,2022-09-17,407,1075,4,1,211.42,Wrong Configuration
3572,105501,20240926,2024-09-26,1130,1022,2,8,5131.3,Customer Cancellation
498,51207,20251202,2025-12-02,907,1174,9,21,1123.85,Wrong Configuration
1996,79697,20221205,2022-12-05,1083,1169,9,9,528.33,Defect
735,105700,20240904,2024-09-04,623,1029,1,1,645.1,Defect
3253,103946,20251202,2025-12-02,849,1159,5,3,1853.27,Defect
1048,107137,20230428,2023-04-28,575,1159,3,13,7966.22,Customer Cancellation
1033,87035,20230708,2023-07-08,258,1057,9,4,1638.39,Defect
2654,43106,20241019,2024-10-19,163,1088,1,24,20855.79,Defect
2461,16189,20240714,2024-07-14,437,1083,3,3,3213.23,Shipping Damage
3726,32738,20230323,2023-03-23,1069,1044,6,19,6127.94,Customer Cancellation
2184,78321,20231217,2023-12-17,66,1186,10,1,194.41,Wrong Configuration
1089,71514,20240603,2024-06-03,388,1116,2,6,9428.32,Other
600,110191,20251218,2025-12-18,899,1111,4,9,14975.73,Defect
2260,98630,20240323,2024-03-23,431,1145,1,54,39369.84,Customer Cancellation
297,112600,20230122,2023-01-22,930,1108,6,8,9954.86,Shipping Damage
2592,63165,20251222,2025-12-22,935,1088,2,9,9984.5,Defect
2777,33182,20240916,2024-09-16,1009,1180,2,7,1608.85,Wrong Configuration
315,32557,20250112,2025-01-12,649,1193,4,31,6296.34,Defect
839,73553,20240930,2024-09-30,916,1041,6,13,4874.53,Defect
2064,85677,20241221,2024-12-21,875,1186,10,7,1245.93,Wrong Configuration
795,66720,20230116,2023-01-16,430,1176,1,4,203.37,Defect
1019,188,20230604,2023-06-04,855,1197,5,23,3869.13,Shipping Damage
2329,78470,20251210,2025-12-10,465,1118,6,13,14032.11,Shipping Damage
752,51212,20241004,2024-10-04,595,1011,10,14,11116.0,Shipping Damage
4105,41304,20241215,2024-12-15,1092,1125,9,28,2444.34,Defect
2541,53405,20251210,2025-12-10,950,1186,5,7,1437.05,Other
812,54355,20251230,2025-12-30,105,1012,1,1,1114.35,Customer Cancellation
97,2357,20240103,2024-01-03,531,1139,7,3,227.06,Wrong Configuration
1452,71218,20240507,2024-05-07,119,1124,4,1,78.46,Wrong Configuration
176,30397,20251001,2025-10-01,527,1086,8,1,752.45,Defect
2340,107174,20221231,2022-12-31,1056,1032,6,5,2566.39,Defect
2460,58896,20250210,2025-02-10,403,1144,6,2,1528.21,Other
1158,20968,20230429,2023-04-29,1069,1020,6,16,10098.03,Defect
762,45683,20221003,2022-10-03,525,1094,1,7,5249.64,Defect
1784,18984,20240104,2024-01-04,599,1068,6,6,1227.08,Wrong Configuration
2578,21231,20250211,2025-02-11,88,1018,3,37,29946.59,Customer Cancellation
1042,38488,20240215,2024-02-15,684,1004,1,17,18767.72,Shipping Damage
3760,46433,20230204,2023-02-04,910,1072,1,7,1504.86,Defect
1534,61904,20241224,2024-12-24,201,1015,1,2,1622.12,Defect
145,56932,20241116,2024-11-16,682,1115,8,17,22944.72,Customer Cancellation
110,30770,20250325,2025-03-25,884,1090,1,1,867.18,Defect
1510,13461,20250914,2025-09-14,360,1187,1,24,7063.08,Defect
866,46647,20241223,2024-12-23,375,1114,8,4,7785.44,Wrong Configuration
4048,77707,20231003,2023-10-03,1173,1077,6,3,687.98,Defect
3787,15424,20251207,2025-12-07,1180,1191,1,43,7040.38,Shipping Damage
1422,65633,20210805,2021-08-05,681,1112,2,1,1117.67,Wrong Configuration
2495,99877,20241214,2024-12-14,418,1184,2,3,464.84,Wrong Configuration
595,15079,20250205,2025-02-05,875,1093,10,6,4904.73,Wrong Configuration
694,70056,20240802,2024-08-02,249,1139,3,4,321.53,Defect
1955,54881,20220226,2022-02-26,859,1030,9,8,3762.05,Customer Cancellation
1946,70330,20251127,2025-11-27,130,1170,3,22,1006.56,Other
791,112952,20250601,2025-06-01,495,1186,2,3,554.27,Customer Cancellation
1968,92131,20250527,2025-05-27,1081,1041,4,18,6268.51,Wrong Configuration
3101,87241,20250724,2025-07-24,169,1101,8,10,12158.72,Other
3671,117130,20240521,2024-05-21,784,1004,6,1,1210.99,Customer Cancellation
4126,23688,20210606,2021-06-06,695,1167,1,8,520.91,Customer Cancellation
2579,22047,20251227,2025-12-27,139,1083,6,7,7759.04,Defect
85,56772,20240610,2024-06-10,1137,1126,4,37,3049.3,Wrong Configuration
1062,62040,20250518,2025-05-18,316,1076,7,10,1795.05,Customer Cancellation
3747,7157,20251213,2025-12-13,395,1075,1,12,2718.07,Defect
433,86195,20250909,2025-09-09,399,1135,5,17,1244.51,Wrong Configuration
2631,33078,20240212,2024-02-12,479,1184,9,1,207.72,Customer Cancellation
1599,119614,20240516,2024-05-16,1153,1135,1,7,474.79,Wrong Configuration
1211,20667,20251211,2025-12-11,526,1123,6,7,536.27,Customer Cancellation
2096,54471,20230513,2023-05-13,409,1015,4,6,4853.76,Wrong Configuration
180,11854,20241112,2024-11-12,232,1002,6,4,4187.51,Shipping Damage
2728,14430,20240610,2024-06-10,325,1019,8,1,977.22,Other
185,84332,20250928,2025-09-28,192,1174,1,4,267.38,Defect
221,7880,20240603,2024-06-03,911,1119,6,1,1532.92,Wrong Configuration
3046,5686,20221223,2022-12-23,284,1176,2,1,34.98,Defect
1814,87306,20241123,2024-11-23,1098,1030,8,2,1046.16,Wrong Configuration
681,2707,20240913,2024-09-13,779,1102,5,33,44859.09,Customer Cancellation
2440,8107,20240127,2024-01-27,51,1160,5,3,179.52,Defect
2213,117748,20251228,2025-12-28,584,1042,9,15,5565.91,Wrong Configuration
158,29530,20251020,2025-10-20,351,1161,6,6,281.4,Defect
189,84813,20211231,2021-12-31,98,1159,3,3,1903.37,Shipping Damage
4192,63820,20230310,2023-03-10,622,1039,9,7,5769.12,Shipping Damage
843,36949,20250104,2025-01-04,977,1130,6,2,145.94,Defect
2097,7568,20240506,2024-05-06,387,1189,8,10,2065.95,Shipping Damage
3974,88567,20250801,2025-08-01,823,1181,1,1,271.83,Shipping Damage
4097,113460,20251011,2025-10-11,923,1171,1,1,46.57,Defect
1692,96107,20220601,2022-06-01,684,1124,1,2,127.88,Wrong Configuration
3270,51045,20230109,2023-01-09,171,1108,1,1,1243.26,Defect
4029,78070,20230110,2023-01-10,695,1169,1,7,388.25,Other
